x,y,z,r,g,b,distance_to_cam,class,class_r,class_g,class_b,frame_index,depth_uncertainty
-0.04658203125,-0.03896484375,0.07384747076424432,39,61,53,0.07384465,14,31,31,31,0,0.0
-0.04658203125,-0.03837890625,0.0738258380525022,39,64,55,0.07380935,14,31,31,31,0,0.0
-0.04658203125,-0.03779296875,0.07381362298319738,46,68,59,0.07380935,14,31,31,31,0,0.0
-0.04599609375,-0.03896484375,0.0738487440020756,39,62,54,0.07380935,14,31,31,31,0,0.0
-0.04599609375,-0.03837890625,0.07382729505110482,42,65,58,0.07380935,14,31,31,31,0,0.0
-0.04599609375,-0.03779296875,0.07381489035954875,43,66,58,0.07380935,14,31,31,31,0,0.0
-0.04541015625,-0.03896484375,0.07384999574304876,39,61,54,0.07380935,14,31,31,31,0,0.0
-0.04541015625,-0.03837890625,0.07382890887906829,38,61,53,0.07380935,14,31,31,31,0,0.0
-0.04541015625,-0.03779296875,0.07381644893734345,44,66,59,0.07380935,14,31,31,31,0,0.0
-0.04482421875,-0.03896484375,0.07385134110947134,42,63,55,0.07380935,14,31,31,31,0,0.0
-0.04482421875,-0.03837890625,0.07383048433400492,38,59,52,0.07380935,14,31,31,31,0,0.0
-0.04482421875,-0.03779296875,0.07381795069574382,40,62,54,0.07381628,14,31,31,31,0,0.0
-0.04423828125,-0.03837890625,0.07383202704768699,40,61,54,0.07381628,14,31,31,31,0,0.0
-0.04423828125,-0.03779296875,0.07381941929086445,41,63,53,0.07381628,14,31,31,31,0,0.0
-0.04365234375,-0.03896484375,0.07385378856881013,42,63,55,0.07381628,14,31,31,31,0,0.0
-0.04365234375,-0.03837890625,0.07383357241612203,42,63,55,0.07381628,14,31,31,31,0,0.0
-0.04365234375,-0.03779296875,0.07382113528751137,43,63,56,0.07381628,14,31,31,31,0,0.0
-0.04306640625,-0.03779296875,0.0738231603611202,43,63,54,0.07381628,14,31,31,31,0,0.0
-0.04248046875,-0.03896484375,0.07385690387634827,41,59,53,0.07385534,14,31,31,31,0,0.0
-0.04248046875,-0.03779296875,0.07382489780863831,42,62,53,0.07381628,14,31,31,31,0,0.0
-0.04189453125,-0.03896484375,0.07385781092515147,43,59,52,0.07385534,14,31,31,31,0,0.0
-0.04189453125,-0.03779296875,0.07382704523731962,41,58,50,0.07385534,14,31,31,31,0,0.0
-0.04130859375,-0.03896484375,0.07385974869902216,53,64,51,0.07385769,14,31,31,31,0,0.0
-0.04130859375,-0.03837890625,0.0738426238251013,46,58,49,0.07382938,14,31,31,31,0,0.0
-0.04072265625,-0.03896484375,0.07386281947913519,68,73,53,0.07385769,14,31,31,31,0,0.0
-0.04072265625,-0.03779296875,0.07383585872628878,47,57,45,0.07382938,14,31,31,31,0,0.0
-0.04013671875,-0.03896484375,0.07386640348969137,69,77,62,0.07385769,14,31,31,31,0,0.0
-0.04013671875,-0.03837890625,0.07385167141036453,88,92,68,0.07382938,14,31,31,31,0,0.0
-0.04013671875,-0.03779296875,0.0738416051664968,65,70,54,0.07382938,14,31,31,31,0,0.0
-0.03955078125,-0.03896484375,0.07387135909820591,69,73,58,0.07385769,14,31,31,31,0,0.0
-0.03955078125,-0.03837890625,0.07385725929524788,75,81,63,0.07382938,14,31,31,31,0,0.0
-0.03955078125,-0.03779296875,0.07384764032247337,122,124,93,0.07382938,14,31,31,31,0,0.0
-0.03896484375,-0.03896484375,0.07387653457067184,97,99,75,0.0738577,25,236,128,255,0,0.0
-0.03896484375,-0.03837890625,0.07386332868446588,96,96,75,0.0738577,25,236,128,255,0,0.0
-0.03896484375,-0.03779296875,0.07385493312591082,86,88,66,0.0738577,25,236,128,255,0,0.0
-0.03837890625,-0.03896484375,0.07388068055075572,91,91,63,0.0738577,25,236,128,255,0,0.0
-0.03837890625,-0.03837890625,0.07386856441605405,105,104,76,0.0738577,25,236,128,255,0,0.0
-0.03837890625,-0.03779296875,0.07386117500763788,87,85,64,0.0738577,25,236,128,255,0,0.0
-0.03779296875,-0.03896484375,0.0738835533272453,72,71,51,0.07387548,25,236,128,255,0,0.0
-0.03779296875,-0.03837890625,0.07387218658807738,66,68,50,0.0738577,25,236,128,255,0,0.0
-0.03779296875,-0.03779296875,0.07386566087913585,69,70,53,0.0738577,25,236,128,255,0,0.0
-0.027832031249999997,-0.01845703125,0.07389728821509137,43,46,33,0.07389332,14,31,31,31,0,0.0
-0.027832031249999997,-0.01787109375,0.073897247558569,42,46,31,0.07389486,25,236,128,255,0,0.0
-0.027832031249999997,-0.01728515625,0.0738971837075965,46,50,32,0.07389486,25,236,128,255,0,0.0
-0.027832031249999997,-0.016699218749999998,0.07389726473206648,86,82,58,0.07389486,25,236,128,255,0,0.0
-0.027832031249999997,-0.01611328125,0.07389679916659858,62,57,31,0.07389486,25,236,128,255,0,0.0
-0.027832031249999997,-0.015527343749999999,0.07389646235176724,68,62,40,0.07389486,25,236,128,255,0,0.0
-0.027832031249999997,-0.014941406249999999,0.07389448162949323,62,59,40,0.07389486,25,236,128,255,0,0.0
-0.027832031249999997,-0.01435546875,0.0738926507709553,67,62,43,0.07389114,28,189,119,255,0,0.0
-0.027832031249999997,-0.01376953125,0.0738930482931852,84,80,52,0.07389114,28,189,119,255,0,0.0
-0.027832031249999997,-0.01318359375,0.07389286472778318,107,99,68,0.07389114,28,189,119,255,0,0.0
-0.027832031249999997,-0.012597656249999999,0.07389808880686109,100,95,68,0.07390836,5,194,178,128,0,0.0
-0.027832031249999997,-0.01201171875,0.07390548914143824,74,79,58,0.07390836,5,194,178,128,0,0.0
-0.02724609375,-0.01845703125,0.07389498166473972,41,46,31,0.07389332,14,31,31,31,0,0.0
-0.02724609375,-0.01787109375,0.07389532527108966,41,46,31,0.07389486,25,236,128,255,0,0.0
-0.02724609375,-0.01728515625,0.0738955728375412,43,46,34,0.07389486,25,236,128,255,0,0.0
-0.02724609375,-0.016699218749999998,0.07389607108815081,39,42,28,0.07389486,25,236,128,255,0,0.0
-0.02724609375,-0.01611328125,0.07389603697511966,81,79,55,0.07389486,25,236,128,255,0,0.0
-0.02724609375,-0.015527343749999999,0.07389594802559113,82,76,56,0.07389486,25,236,128,255,0,0.0
-0.02724609375,-0.014941406249999999,0.07389418359234931,72,66,43,0.07389486,25,236,128,255,0,0.0
-0.02724609375,-0.01435546875,0.07389289686895538,76,70,46,0.07389486,25,236,128,255,0,0.0
-0.02724609375,-0.01376953125,0.07389377802135577,67,61,37,0.07389114,28,189,119,255,0,0.0
-0.02724609375,-0.01318359375,0.07389394469241928,82,77,45,0.07389114,28,189,119,255,0,0.0
-0.02724609375,-0.012597656249999999,0.07389940808908571,95,91,60,0.07390836,5,194,178,128,0,0.0
-0.02724609375,-0.01201171875,0.07390659526335397,94,97,71,0.07390836,5,194,178,128,0,0.0
-0.026660156249999997,-0.01845703125,0.07389168495728804,38,43,31,0.07388498,14,31,31,31,0,0.0
-0.026660156249999997,-0.01787109375,0.07389239303644438,39,45,31,0.07389043,14,31,31,31,0,0.0
-0.026660156249999997,-0.01728515625,0.07389290297397069,40,48,33,0.07389043,14,31,31,31,0,0.0
-0.026660156249999997,-0.016699218749999998,0.07389368434545489,37,41,31,0.07389043,14,31,31,31,0,0.0
-0.026660156249999997,-0.01611328125,0.07389396990793062,78,77,53,0.07389043,14,31,31,31,0,0.0
-0.026660156249999997,-0.015527343749999999,0.07389407780996063,67,64,41,0.07389043,14,31,31,31,0,0.0
-0.026660156249999997,-0.014941406249999999,0.07389285075722875,93,87,58,0.07389486,25,236,128,255,0,0.0
-0.026660156249999997,-0.01435546875,0.07389240900390151,106,95,59,0.07389253,6,224,118,119,0,0.0
-0.026660156249999997,-0.01376953125,0.07389395829303931,95,86,55,0.07389253,6,224,118,119,0,0.0
-0.026660156249999997,-0.01318359375,0.07389467194144446,92,83,47,0.07389253,6,224,118,119,0,0.0
-0.026660156249999997,-0.012597656249999999,0.07390031391871096,92,88,58,0.07391044,6,224,118,119,0,0.0
-0.026660156249999997,-0.01201171875,0.07390754446136966,82,83,59,0.07391044,6,224,118,119,0,0.0
-0.026074218749999996,-0.01845703125,0.07388964902429716,36,39,29,0.07388498,14,31,31,31,0,0.0
-0.026074218749999996,-0.01787109375,0.07389063372320005,42,43,31,0.07389043,14,31,31,31,0,0.0
-0.026074218749999996,-0.01728515625,0.07389134567472912,39,43,28,0.07389043,14,31,31,31,0,0.0
-0.026074218749999996,-0.016699218749999998,0.07389234885706268,30,37,27,0.07389043,14,31,31,31,0,0.0
-0.026074218749999996,-0.01611328125,0.07389293450574778,31,39,25,0.07389043,14,31,31,31,0,0.0
-0.026074218749999996,-0.015527343749999999,0.07389327636374132,78,73,49,0.07389043,14,31,31,31,0,0.0
-0.026074218749999996,-0.014941406249999999,0.07389264711861324,72,66,42,0.07389043,14,31,31,31,0,0.0
-0.026074218749999996,-0.01435546875,0.07389326694535377,124,114,81,0.07389253,6,224,118,119,0,0.0
-0.026074218749999996,-0.01376953125,0.07389545796253577,112,99,58,0.07389253,6,224,118,119,0,0.0
-0.026074218749999996,-0.01318359375,0.07389684598460944,114,106,65,0.07389253,6,224,118,119,0,0.0
-0.026074218749999996,-0.012597656249999999,0.07390250001310521,92,88,59,0.07391044,6,224,118,119,0,0.0
-0.026074218749999996,-0.01201171875,0.07390949400229921,72,74,50,0.07391044,6,224,118,119,0,0.0
-0.025488281249999998,-0.01845703125,0.07388944983276619,36,41,26,0.07388498,14,31,31,31,0,0.0
-0.025488281249999998,-0.01787109375,0.07389073237644483,72,72,48,0.07389043,14,31,31,31,0,0.0
-0.025488281249999998,-0.01728515625,0.07389165820666253,79,76,51,0.07389043,14,31,31,31,0,0.0
-0.025488281249999998,-0.016699218749999998,0.07389278041236222,64,63,35,0.07389043,14,31,31,31,0,0.0
-0.025488281249999998,-0.01611328125,0.07389332309679945,60,60,35,0.07389043,14,31,31,31,0,0.0
-0.025488281249999998,-0.015527343749999999,0.07389359204776352,64,60,38,0.07389043,14,31,31,31,0,0.0
-0.025488281249999998,-0.014941406249999999,0.07389338219499908,67,61,37,0.07389043,14,31,31,31,0,0.0
-0.025488281249999998,-0.01435546875,0.07389427122669925,86,78,52,0.07389253,6,224,118,119,0,0.0
-0.025488281249999998,-0.01376953125,0.07389657267567655,146,133,95,0.07389253,6,224,118,119,0,0.0
-0.025488281249999998,-0.01318359375,0.0738985402006711,112,103,67,0.07389253,6,224,118,119,0,0.0
-0.025488281249999998,-0.012597656249999999,0.07390409554473859,77,71,46,0.07389253,6,224,118,119,0,0.0
-0.025488281249999998,-0.01201171875,0.07391059496034891,72,69,50,0.07391044,6,224,118,119,0,0.0
-0.024902343749999997,-0.01845703125,0.0738914605787077,48,49,28,0.073905006,17,236,150,21,0,0.0
-0.024902343749999997,-0.01787109375,0.07389299235398518,78,71,49,0.07389043,14,31,31,31,0,0.0
-0.024902343749999997,-0.01728515625,0.07389402182228891,60,56,36,0.07389043,14,31,31,31,0,0.0
-0.024902343749999997,-0.016699218749999998,0.0738950891533625,68,61,36,0.07389043,14,31,31,31,0,0.0
-0.024902343749999997,-0.01611328125,0.07389550935688824,67,62,36,0.07389043,14,31,31,31,0,0.0
-0.024902343749999997,-0.015527343749999999,0.07389586447957854,65,61,38,0.07391128,14,31,31,31,0,0.0
-0.024902343749999997,-0.014941406249999999,0.07389574971630403,65,60,38,0.073931105,6,224,118,119,0,0.0
-0.024902343749999997,-0.01435546875,0.0738964680602396,74,69,47,0.07389253,6,224,118,119,0,0.0
-0.024902343749999997,-0.01376953125,0.07389876377704939,83,76,49,0.07389253,6,224,118,119,0,0.0
-0.024902343749999997,-0.01318359375,0.07390076366733102,104,99,70,0.07389253,6,224,118,119,0,0.0
-0.024902343749999997,-0.012597656249999999,0.07390587783602813,84,78,51,0.07389253,6,224,118,119,0,0.0
-0.024902343749999997,-0.01201171875,0.07391195862197096,68,66,43,0.07391044,6,224,118,119,0,0.0
-0.02431640625,-0.01845703125,0.07389912494232462,30,35,20,0.073905006,17,236,150,21,0,0.0
-0.02431640625,-0.01787109375,0.07390043920763288,62,64,46,0.073905006,17,236,150,21,0,0.0
-0.02431640625,-0.01728515625,0.07390132394589397,71,70,43,0.07391128,14,31,31,31,0,0.0
-0.02431640625,-0.016699218749999998,0.07390198499309764,80,75,48,0.07391128,14,31,31,31,0,0.0
-0.02431640625,-0.01611328125,0.07390259270129344,73,69,43,0.07391128,14,31,31,31,0,0.0
-0.02431640625,-0.015527343749999999,0.07390285362680106,69,64,42,0.07391128,14,31,31,31,0,0.0
-0.02431640625,-0.014941406249999999,0.0739027103414782,65,60,38,0.073931105,6,224,118,119,0,0.0
-0.02431640625,-0.01435546875,0.07390342171797533,62,60,37,0.073931105,6,224,118,119,0,0.0
-0.02431640625,-0.01376953125,0.07390519679510453,90,84,58,0.073931105,6,224,118,119,0,0.0
-0.02431640625,-0.01318359375,0.07390690211525244,78,72,46,0.07389253,6,224,118,119,0,0.0
-0.02431640625,-0.012597656249999999,0.07391131652837907,84,78,52,0.07389253,6,224,118,119,0,0.0
-0.02431640625,-0.01201171875,0.07391626805838247,65,60,38,0.07394563,14,31,31,31,0,0.0
-0.023730468749999997,-0.01845703125,0.07392812353441305,39,39,21,0.073905006,17,236,150,21,0,0.0
-0.023730468749999997,-0.01787109375,0.07392997850745758,25,36,25,0.073905006,17,236,150,21,0,0.0
-0.023730468749999997,-0.01728515625,0.0739309217268884,36,47,32,0.07391128,14,31,31,31,0,0.0
-0.023730468749999997,-0.016699218749999998,0.0739295102441785,26,34,24,0.07391128,14,31,31,31,0,0.0
-0.023730468749999997,-0.01611328125,0.07393064556730923,29,37,25,0.07391128,14,31,31,31,0,0.0
-0.023730468749999997,-0.015527343749999999,0.07393170002767101,63,62,40,0.07391128,14,31,31,31,0,0.0
-0.023730468749999997,-0.014941406249999999,0.07393148144345317,75,69,45,0.073931105,6,224,118,119,0,0.0
-0.023730468749999997,-0.01435546875,0.07393101343156792,65,60,38,0.073931105,6,224,118,119,0,0.0
-0.023730468749999997,-0.01376953125,0.07393222660894583,64,61,37,0.073931105,6,224,118,119,0,0.0
-0.023730468749999997,-0.01318359375,0.07393399970554702,75,69,43,0.073931105,6,224,118,119,0,0.0
-0.023730468749999997,-0.012597656249999999,0.07393699402083355,73,71,45,0.07394563,14,31,31,31,0,0.0
-0.023730468749999997,-0.01201171875,0.07393696200846461,70,69,43,0.07394563,14,31,31,31,0,0.0
-0.04658203125,-0.026660156249999997,0.07385516425714635,89,123,99,0.07385126,5,194,178,128,0,0.0
-0.04658203125,-0.026074218749999996,0.07386163690482787,104,139,110,0.07385126,5,194,178,128,0,0.0
-0.04658203125,-0.025488281249999998,0.07386583101757244,107,141,112,0.07385126,5,194,178,128,0,0.0
-0.04658203125,-0.024902343749999997,0.07386871620860963,138,179,138,0.07385126,5,194,178,128,0,0.0
-0.04658203125,-0.02431640625,0.07386856881017918,167,206,163,0.07385126,5,194,178,128,0,0.0
-0.04658203125,-0.023730468749999997,0.07386605771043402,156,190,147,0.073853396,18,161,153,128,0,0.0
-0.04658203125,-0.023144531249999996,0.07386510016050266,175,210,164,0.073853396,18,161,153,128,0,0.0
-0.04658203125,-0.022558593749999998,0.07386229709573253,131,165,119,0.073853396,18,161,153,128,0,0.0
-0.04658203125,-0.021972656249999997,0.0738582793151541,170,203,158,0.073853396,18,161,153,128,0,0.0
-0.04658203125,-0.02138671875,0.07385510949552358,123,152,113,0.073853396,18,161,153,128,0,0.0
-0.04658203125,-0.020800781249999997,0.07385143035932334,171,200,160,0.07383321,5,194,178,128,0,0.0
-0.04658203125,-0.020214843749999996,0.07384737749857427,127,156,117,0.07383321,5,194,178,128,0,0.0
-0.04658203125,-0.019628906249999998,0.07384376353500202,145,172,136,0.07383321,5,194,178,128,0,0.0
-0.04658203125,-0.01904296875,0.07384156023204524,126,155,116,0.07383321,5,194,178,128,0,0.0
-0.04599609375,-0.026660156249999997,0.0738558626110369,82,114,92,0.07385126,5,194,178,128,0,0.0
-0.04599609375,-0.026074218749999996,0.07386208346370796,95,129,103,0.07385126,5,194,178,128,0,0.0
-0.04599609375,-0.025488281249999998,0.07386611424904305,109,144,114,0.07385126,5,194,178,128,0,0.0
-0.04599609375,-0.024902343749999997,0.07386966152048528,132,168,134,0.07385126,5,194,178,128,0,0.0
-0.04599609375,-0.02431640625,0.07387003082538414,156,191,146,0.07385126,5,194,178,128,0,0.0
-0.04599609375,-0.023730468749999997,0.07386745827952457,143,180,136,0.073853396,18,161,153,128,0,0.0
-0.04599609375,-0.023144531249999996,0.0738663857923611,152,187,144,0.073853396,18,161,153,128,0,0.0
-0.04599609375,-0.022558593749999998,0.07386262158788266,158,193,149,0.073853396,18,161,153,128,0,0.0
-0.04599609375,-0.021972656249999997,0.0738594897634232,155,183,141,0.073853396,18,161,153,128,0,0.0
-0.04599609375,-0.02138671875,0.07385597304093633,153,181,142,0.073853396,18,161,153,128,0,0.0
-0.04599609375,-0.020214843749999996,0.07384789890400704,129,158,119,0.07383321,5,194,178,128,0,0.0
-0.04599609375,-0.019628906249999998,0.07384342326701865,172,205,168,0.07383321,5,194,178,128,0,0.0
-0.04599609375,-0.01904296875,0.07384171063856251,158,189,150,0.07383321,5,194,178,128,0,0.0
-0.04541015625,-0.026660156249999997,0.07385660043932021,76,106,85,0.07385126,5,194,178,128,0,0.0
-0.04541015625,-0.026074218749999996,0.07386251781402349,85,117,93,0.07385126,5,194,178,128,0,0.0
-0.04541015625,-0.025488281249999998,0.0738664275535231,98,134,103,0.07385126,5,194,178,128,0,0.0
-0.04541015625,-0.024902343749999997,0.07387031592677903,132,169,134,0.07385126,5,194,178,128,0,0.0
-0.04541015625,-0.02431640625,0.07387139136883036,143,176,135,0.07385126,5,194,178,128,0,0.0
-0.04541015625,-0.023730468749999997,0.07386887186462213,170,200,157,0.073853396,18,161,153,128,0,0.0
-0.04541015625,-0.023144531249999996,0.07386774874541686,153,189,146,0.073853396,18,161,153,128,0,0.0
-0.04541015625,-0.022558593749999998,0.07386433061281296,142,173,133,0.073853396,18,161,153,128,0,0.0
-0.04541015625,-0.02138671875,0.07385699845380173,127,154,118,0.073853396,18,161,153,128,0,0.0
-0.04541015625,-0.020800781249999997,0.07385275376398724,175,202,170,0.07383321,5,194,178,128,0,0.0
-0.04541015625,-0.020214843749999996,0.07384870437722794,132,160,122,0.07383321,5,194,178,128,0,0.0
-0.04541015625,-0.019628906249999998,0.07384415290397023,158,191,151,0.07383321,5,194,178,128,0,0.0
-0.04541015625,-0.01904296875,0.07384107932219257,157,187,149,0.07383321,5,194,178,128,0,0.0
-0.04482421875,-0.026660156249999997,0.07385731982226838,89,115,89,0.073857784,6,224,118,119,0,0.0
-0.04482421875,-0.026074218749999996,0.07386298109058631,99,120,86,0.073857784,6,224,118,119,0,0.0
-0.04482421875,-0.025488281249999998,0.07386676550213761,92,124,95,0.073857784,6,224,118,119,0,0.0
-0.04482421875,-0.024902343749999997,0.07387071068147713,106,138,104,0.073857784,6,224,118,119,0,0.0
-0.04482421875,-0.02431640625,0.07387276413279027,141,173,130,0.073857784,6,224,118,119,0,0.0
-0.04482421875,-0.023730468749999997,0.07387060267801007,167,196,152,0.073853396,18,161,153,128,0,0.0
-0.04482421875,-0.023144531249999996,0.07386998857626119,157,191,148,0.073853396,18,161,153,128,0,0.0
-0.04482421875,-0.022558593749999998,0.07386630755739153,162,202,160,0.073853396,18,161,153,128,0,0.0
-0.04482421875,-0.02138671875,0.07385815073281525,149,181,140,0.073853396,18,161,153,128,0,0.0
-0.04482421875,-0.020800781249999997,0.07385356841036504,126,155,120,0.0738382,18,161,153,128,0,0.0
-0.04482421875,-0.020214843749999996,0.07384924381452497,131,160,125,0.0738382,18,161,153,128,0,0.0
-0.04482421875,-0.019628906249999998,0.07384567545173042,113,144,106,0.0738382,18,161,153,128,0,0.0
-0.04423828125,-0.026660156249999997,0.07385814629275854,95,117,85,0.073857784,6,224,118,119,0,0.0
-0.04423828125,-0.026074218749999996,0.07386360366162048,98,109,72,0.073857784,6,224,118,119,0,0.0
-0.04423828125,-0.025488281249999998,0.07386726440426619,94,119,91,0.073857784,6,224,118,119,0,0.0
-0.04423828125,-0.024902343749999997,0.07387129752632295,106,134,105,0.073857784,6,224,118,119,0,0.0
-0.04423828125,-0.02431640625,0.07387376463226811,117,141,100,0.073857784,6,224,118,119,0,0.0
-0.04423828125,-0.023144531249999996,0.07387212776244881,196,227,182,0.073856525,18,161,153,128,0,0.0
-0.04423828125,-0.022558593749999998,0.07386851556160272,185,223,177,0.073856525,18,161,153,128,0,0.0
-0.04423828125,-0.021972656249999997,0.07386485786969457,176,210,167,0.073856525,18,161,153,128,0,0.0
-0.04423828125,-0.02138671875,0.0738603271211673,163,195,151,0.073856525,18,161,153,128,0,0.0
-0.04423828125,-0.020800781249999997,0.07385499450508536,206,235,196,0.0738382,18,161,153,128,0,0.0
-0.04423828125,-0.019628906249999998,0.07384681134594064,152,186,146,0.0738382,18,161,153,128,0,0.0
-0.04423828125,-0.01904296875,0.07384348612355845,164,194,157,0.0738382,18,161,153,128,0,0.0
-0.04365234375,-0.026660156249999997,0.07385954452825787,104,114,79,0.073857784,6,224,118,119,0,0.0
-0.04365234375,-0.026074218749999996,0.07386477386956171,96,108,78,0.073857784,6,224,118,119,0,0.0
-0.04365234375,-0.025488281249999998,0.07386827042102184,91,112,87,0.073857784,6,224,118,119,0,0.0
-0.04365234375,-0.024902343749999997,0.07387225886447112,105,123,89,0.073857784,6,224,118,119,0,0.0
-0.04365234375,-0.02431640625,0.0738748253196072,116,130,91,0.073857784,6,224,118,119,0,0.0
-0.04365234375,-0.023730468749999997,0.07387454943425008,169,190,149,0.073856525,18,161,153,128,0,0.0
-0.04365234375,-0.023144531249999996,0.07387440134525111,166,193,151,0.073856525,18,161,153,128,0,0.0
-0.04365234375,-0.022558593749999998,0.0738709224818679,164,196,153,0.073856525,18,161,153,128,0,0.0
-0.04365234375,-0.021972656249999997,0.07386778673829444,147,178,136,0.073856525,18,161,153,128,0,0.0
-0.04365234375,-0.020800781249999997,0.07385786270663643,143,174,135,0.0738382,18,161,153,128,0,0.0
-0.04365234375,-0.020214843749999996,0.0738535633511456,137,166,131,0.0738382,18,161,153,128,0,0.0
-0.04365234375,-0.019628906249999998,0.0738487918884659,120,152,115,0.0738382,18,161,153,128,0,0.0
-0.04365234375,-0.01904296875,0.07384514820657598,112,140,103,0.0738382,18,161,153,128,0,0.0
-0.04306640625,-0.026660156249999997,0.07386112148203312,107,112,77,0.073857784,6,224,118,119,0,0.0
-0.04306640625,-0.026074218749999996,0.07386598767311779,86,97,67,0.073857784,6,224,118,119,0,0.0
-0.04306640625,-0.025488281249999998,0.07386918676458042,84,104,81,0.073857784,6,224,118,119,0,0.0
-0.04306640625,-0.024902343749999997,0.07387301465222848,123,137,99,0.073857784,6,224,118,119,0,0.0
-0.04306640625,-0.02431640625,0.07387549505702551,100,110,73,0.073857784,6,224,118,119,0,0.0
-0.04306640625,-0.023730468749999997,0.07387558962027697,96,112,77,0.073856525,18,161,153,128,0,0.0
-0.04306640625,-0.023144531249999996,0.0738769168720342,111,136,100,0.073856525,18,161,153,128,0,0.0
-0.04306640625,-0.022558593749999998,0.07387295663473567,158,184,144,0.073856525,18,161,153,128,0,0.0
-0.04306640625,-0.021972656249999997,0.07387047812499853,142,170,132,0.073856525,18,161,153,128,0,0.0
-0.04306640625,-0.02138671875,0.0738665117845732,148,175,141,0.073856525,18,161,153,128,0,0.0
-0.04306640625,-0.019628906249999998,0.0738515484621131,114,139,110,0.0738382,18,161,153,128,0,0.0
-0.04306640625,-0.01904296875,0.07384762030861912,115,141,108,0.0738382,18,161,153,128,0,0.0
-0.04248046875,-0.026660156249999997,0.0738634890128134,100,103,66,0.073857784,6,224,118,119,0,0.0
-0.04248046875,-0.026074218749999996,0.07386802514135384,115,122,78,0.073857784,6,224,118,119,0,0.0
-0.04248046875,-0.025488281249999998,0.07387086892359598,80,97,69,0.073857784,6,224,118,119,0,0.0
-0.04248046875,-0.024902343749999997,0.0738744520305364,84,99,68,0.073857784,6,224,118,119,0,0.0
-0.04248046875,-0.02431640625,0.07387684265345126,102,112,77,0.07386581,6,224,118,119,0,0.0
-0.04248046875,-0.023730468749999997,0.07387705877667693,122,137,104,0.073856525,18,161,153,128,0,0.0
-0.04248046875,-0.023144531249999996,0.07387841235001046,118,144,107,0.073856525,18,161,153,128,0,0.0
-0.04248046875,-0.022558593749999998,0.07387572749715449,136,165,128,0.073856525,18,161,153,128,0,0.0
-0.04248046875,-0.021972656249999997,0.07387331949349144,147,176,139,0.073856525,18,161,153,128,0,0.0
-0.04248046875,-0.020800781249999997,0.07386457530875264,122,150,119,0.0738382,18,161,153,128,0,0.0
-0.04248046875,-0.020214843749999996,0.07385864280503963,111,144,110,0.0738382,18,161,153,128,0,0.0
-0.04248046875,-0.019628906249999998,0.0738544222120128,112,142,113,0.0738382,18,161,153,128,0,0.0
-0.04248046875,-0.01904296875,0.07385047340090937,129,160,128,0.0738382,18,161,153,128,0,0.0
-0.04189453125,-0.026660156249999997,0.07386629891025254,94,99,65,0.07386581,6,224,118,119,0,0.0
-0.04189453125,-0.026074218749999996,0.07387038849151487,100,106,69,0.07386581,6,224,118,119,0,0.0
-0.04189453125,-0.025488281249999998,0.07387301924183759,80,86,56,0.07386581,6,224,118,119,0,0.0
-0.04189453125,-0.024902343749999997,0.07387634200696284,110,120,93,0.07386581,6,224,118,119,0,0.0
-0.04189453125,-0.02431640625,0.07387859828314329,81,95,65,0.07386581,6,224,118,119,0,0.0
-0.04189453125,-0.023730468749999997,0.07387913580543164,121,138,108,0.073856525,18,161,153,128,0,0.0
-0.04189453125,-0.023144531249999996,0.07388121156841068,105,129,98,0.073856525,18,161,153,128,0,0.0
-0.04189453125,-0.022558593749999998,0.07387861688689233,139,169,135,0.073856525,18,161,153,128,0,0.0
-0.04189453125,-0.02138671875,0.0738729060665988,125,151,123,0.073856525,18,161,153,128,0,0.0
-0.04189453125,-0.020800781249999997,0.0738677210786902,100,126,97,0.0738382,18,161,153,128,0,0.0
-0.04189453125,-0.020214843749999996,0.07386206630999032,117,148,117,0.0738382,18,161,153,128,0,0.0
-0.04189453125,-0.019628906249999998,0.07385683595464308,111,144,113,0.0738382,18,161,153,128,0,0.0
-0.04189453125,-0.01904296875,0.0738531588377229,120,153,122,0.0738382,18,161,153,128,0,0.0
-0.04130859375,-0.026660156249999997,0.07386960541052452,99,109,83,0.07386581,6,224,118,119,0,0.0
-0.04130859375,-0.026074218749999996,0.07387321797663557,107,117,86,0.07386581,6,224,118,119,0,0.0
-0.04130859375,-0.025488281249999998,0.07387561583825918,74,84,58,0.07386581,6,224,118,119,0,0.0
-0.04130859375,-0.024902343749999997,0.07387864027393427,92,110,84,0.07386581,6,224,118,119,0,0.0
-0.04130859375,-0.02431640625,0.073880645574504,104,128,101,0.07386581,6,224,118,119,0,0.0
-0.04130859375,-0.023730468749999997,0.07388107636241638,92,114,87,0.07386964,18,161,153,128,0,0.0
-0.04130859375,-0.023144531249999996,0.07388335440749962,88,108,83,0.07386964,18,161,153,128,0,0.0
-0.04130859375,-0.022558593749999998,0.07388164449658158,109,135,106,0.07386964,18,161,153,128,0,0.0
-0.04130859375,-0.021972656249999997,0.07387783911873134,135,164,128,0.07386964,18,161,153,128,0,0.0
-0.04130859375,-0.02138671875,0.07387571515305935,119,145,114,0.07386964,18,161,153,128,0,0.0
-0.04130859375,-0.020214843749999996,0.07386586892375897,98,127,97,0.073851615,5,194,178,128,0,0.0
-0.04130859375,-0.019628906249999998,0.07386073950608425,104,134,103,0.073851615,5,194,178,128,0,0.0
-0.04130859375,-0.01904296875,0.07385672579481013,109,142,111,0.073851615,5,194,178,128,0,0.0
-0.04072265625,-0.026660156249999997,0.0738727899027623,63,70,51,0.07386581,6,224,118,119,0,0.0
-0.04072265625,-0.026074218749999996,0.07387607102553964,65,76,53,0.07386581,6,224,118,119,0,0.0
-0.04072265625,-0.025488281249999998,0.07387835211132388,72,88,65,0.07386581,6,224,118,119,0,0.0
-0.04072265625,-0.024902343749999997,0.07388102983904614,86,110,88,0.07386581,6,224,118,119,0,0.0
-0.04072265625,-0.02431640625,0.07388277332731359,93,121,98,0.07386581,6,224,118,119,0,0.0
-0.04072265625,-0.023730468749999997,0.07388309865687159,91,119,94,0.07386964,18,161,153,128,0,0.0
-0.04072265625,-0.023144531249999996,0.07388516509688442,86,109,86,0.07386964,18,161,153,128,0,0.0
-0.04072265625,-0.022558593749999998,0.07388381747266766,96,120,93,0.07386964,18,161,153,128,0,0.0
-0.04072265625,-0.021972656249999997,0.07388039642088629,177,204,168,0.07386964,18,161,153,128,0,0.0
-0.04072265625,-0.02138671875,0.0738775588726133,124,150,119,0.07386964,18,161,153,128,0,0.0
-0.04072265625,-0.020800781249999997,0.07387358949022643,90,117,89,0.073851615,5,194,178,128,0,0.0
-0.04072265625,-0.020214843749999996,0.07386887153926742,98,125,98,0.073851615,5,194,178,128,0,0.0
-0.04013671875,-0.026660156249999997,0.07387473123391354,53,64,46,0.07386581,6,224,118,119,0,0.0
-0.04013671875,-0.026074218749999996,0.07387777301365016,61,71,54,0.07386581,6,224,118,119,0,0.0
-0.04013671875,-0.025488281249999998,0.07387995395630009,66,83,64,0.07386581,6,224,118,119,0,0.0
-0.04013671875,-0.024902343749999997,0.07388247083987384,60,82,61,0.07386581,6,224,118,119,0,0.0
-0.04013671875,-0.02431640625,0.07388428314639521,80,105,83,0.07386581,6,224,118,119,0,0.0
-0.04013671875,-0.023730468749999997,0.07388477287496781,82,107,86,0.07386964,18,161,153,128,0,0.0
-0.04013671875,-0.023144531249999996,0.07388689816984848,74,94,73,0.07386964,18,161,153,128,0,0.0
-0.04013671875,-0.022558593749999998,0.07388587695232791,82,102,80,0.07386964,18,161,153,128,0,0.0
-0.04013671875,-0.021972656249999997,0.0738833694908099,119,145,116,0.07386964,18,161,153,128,0,0.0
-0.04013671875,-0.02138671875,0.07388035875171764,89,112,89,0.07386964,18,161,153,128,0,0.0
-0.04013671875,-0.020800781249999997,0.07387607524475316,89,114,89,0.073851615,5,194,178,128,0,0.0
-0.04013671875,-0.020214843749999996,0.07387180204785218,91,116,92,0.073851615,5,194,178,128,0,0.0
-0.04013671875,-0.019628906249999998,0.07386781631119535,95,124,97,0.073851615,5,194,178,128,0,0.0
-0.04013671875,-0.01904296875,0.07386445129548103,98,127,100,0.073851615,5,194,178,128,0,0.0
-0.03955078125,-0.026660156249999997,0.07387662157481581,66,76,57,0.07386581,6,224,118,119,0,0.0
-0.03955078125,-0.026074218749999996,0.07387954663703904,80,92,72,0.07386581,6,224,118,119,0,0.0
-0.03955078125,-0.025488281249999998,0.07388154783636619,74,81,61,0.07386581,6,224,118,119,0,0.0
-0.03955078125,-0.024902343749999997,0.07388392207209667,80,94,71,0.07386581,6,224,118,119,0,0.0
-0.03955078125,-0.02431640625,0.07388580905852137,91,105,84,0.07386964,18,161,153,128,0,0.0
-0.03955078125,-0.023730468749999997,0.07388641941986529,48,67,51,0.07386964,18,161,153,128,0,0.0
-0.03955078125,-0.023144531249999996,0.073888683307227,55,73,54,0.07386964,18,161,153,128,0,0.0
-0.03955078125,-0.022558593749999998,0.07388796511764069,64,81,63,0.07386964,18,161,153,128,0,0.0
-0.03955078125,-0.021972656249999997,0.07388629748434129,106,129,101,0.07386964,18,161,153,128,0,0.0
-0.03955078125,-0.02138671875,0.07388317283968303,77,100,77,0.07386964,18,161,153,128,0,0.0
-0.03955078125,-0.020800781249999997,0.07387915274628384,75,101,76,0.073851615,5,194,178,128,0,0.0
-0.03955078125,-0.020214843749999996,0.07387521583054298,84,111,86,0.073851615,5,194,178,128,0,0.0
-0.03955078125,-0.019628906249999998,0.0738716153300268,84,110,85,0.073851615,5,194,178,128,0,0.0
-0.03955078125,-0.01904296875,0.07386855426693617,91,117,92,0.073851615,5,194,178,128,0,0.0
-0.03896484375,-0.026660156249999997,0.07388044865374824,82,94,74,0.073881105,12,125,125,125,0,0.0
-0.03896484375,-0.026074218749999996,0.07388321264827064,93,106,78,0.073881105,12,125,125,125,0,0.0
-0.03896484375,-0.025488281249999998,0.07388501195139877,85,97,72,0.07386581,6,224,118,119,0,0.0
-0.03896484375,-0.024902343749999997,0.07388723933488622,77,90,63,0.07386581,6,224,118,119,0,0.0
-0.03896484375,-0.02431640625,0.07388898702165708,90,102,79,0.07386964,18,161,153,128,0,0.0
-0.03896484375,-0.023730468749999997,0.07388950004755589,63,76,62,0.07386964,18,161,153,128,0,0.0
-0.03896484375,-0.023144531249999996,0.073891537348991,48,64,49,0.07386964,18,161,153,128,0,0.0
-0.03896484375,-0.021972656249999997,0.07388972161592638,77,101,76,0.07386964,18,161,153,128,0,0.0
-0.03896484375,-0.02138671875,0.07388736948529556,69,93,70,0.07386964,18,161,153,128,0,0.0
-0.03896484375,-0.020800781249999997,0.07388411051527526,67,87,68,0.07387023,5,194,178,128,0,0.0
-0.03896484375,-0.020214843749999996,0.07388048148467606,80,103,80,0.073851615,5,194,178,128,0,0.0
-0.03896484375,-0.019628906249999998,0.07387711997589101,78,104,80,0.073851615,5,194,178,128,0,0.0
-0.03896484375,-0.01904296875,0.07387426277520771,85,111,86,0.073851615,5,194,178,128,0,0.0
-0.03837890625,-0.026660156249999997,0.07388373090411719,81,95,77,0.073881105,12,125,125,125,0,0.0
-0.03837890625,-0.026074218749999996,0.07388622474655825,99,114,86,0.073881105,12,125,125,125,0,0.0
-0.03837890625,-0.025488281249999998,0.07388795966012783,89,101,74,0.073881105,12,125,125,125,0,0.0
-0.03837890625,-0.024902343749999997,0.07389006643365223,96,110,80,0.073881105,12,125,125,125,0,0.0
-0.03837890625,-0.02431640625,0.07389184371899356,81,92,69,0.073881105,12,125,125,125,0,0.0
-0.03837890625,-0.023730468749999997,0.07389245207707662,76,89,72,0.07386964,18,161,153,128,0,0.0
-0.03837890625,-0.023144531249999996,0.07389422485890051,46,60,47,0.07386964,18,161,153,128,0,0.0
-0.03837890625,-0.021972656249999997,0.0738928823912643,64,85,67,0.07388876,5,194,178,128,0,0.0
-0.03837890625,-0.02138671875,0.07389127613916302,62,82,63,0.07388876,5,194,178,128,0,0.0
-0.03837890625,-0.020800781249999997,0.07388934096316536,60,81,62,0.07387023,5,194,178,128,0,0.0
-0.03837890625,-0.020214843749999996,0.07388693155612679,65,87,68,0.07387023,5,194,178,128,0,0.0
-0.03837890625,-0.019628906249999998,0.07388406375338166,71,92,73,0.07387023,5,194,178,128,0,0.0
-0.03837890625,-0.01904296875,0.07388146878911976,82,106,83,0.07387023,5,194,178,128,0,0.0
-0.03779296875,-0.026660156249999997,0.07388726990581128,84,96,78,0.073881105,12,125,125,125,0,0.0
-0.03779296875,-0.026074218749999996,0.07388969199248341,96,108,88,0.073881105,12,125,125,125,0,0.0
-0.03779296875,-0.025488281249999998,0.07389143842161114,93,107,82,0.073881105,12,125,125,125,0,0.0
-0.03779296875,-0.024902343749999997,0.07389346352149209,110,123,97,0.073881105,12,125,125,125,0,0.0
-0.03779296875,-0.02431640625,0.07389521551672282,107,116,89,0.073881105,12,125,125,125,0,0.0
-0.03779296875,-0.023730468749999997,0.07389577884805318,55,66,50,0.07388876,5,194,178,128,0,0.0
-0.03779296875,-0.023144531249999996,0.07389706759761355,43,56,45,0.07388876,5,194,178,128,0,0.0
-0.03779296875,-0.021972656249999997,0.07389558882027225,56,74,58,0.07388876,5,194,178,128,0,0.0
-0.03779296875,-0.02138671875,0.07389427557041138,61,78,62,0.07388876,5,194,178,128,0,0.0
-0.03779296875,-0.020800781249999997,0.07389262712767615,56,77,60,0.07387023,5,194,178,128,0,0.0
-0.03779296875,-0.020214843749999996,0.07389073756765902,56,77,58,0.07387023,5,194,178,128,0,0.0
-0.03779296875,-0.019628906249999998,0.07388876757568393,61,82,64,0.07387023,5,194,178,128,0,0.0
-0.03779296875,-0.01904296875,0.07388724213092546,66,87,69,0.07387023,5,194,178,128,0,0.0
-0.03720703125,-0.01845703125,0.0738898357889003,66,86,67,0.07387023,5,194,178,128,0,0.0
-0.03720703125,-0.01787109375,0.07388889969928533,67,88,71,0.07385618,5,194,178,128,0,0.0
-0.03720703125,-0.01728515625,0.07388566662105882,70,93,69,0.07385618,5,194,178,128,0,0.0
-0.03720703125,-0.016699218749999998,0.07388154893454822,79,103,78,0.07385618,5,194,178,128,0,0.0
-0.03720703125,-0.01611328125,0.07387731324438601,96,125,99,0.07385618,5,194,178,128,0,0.0
-0.03720703125,-0.015527343749999999,0.07387311644649172,103,128,99,0.07385618,5,194,178,128,0,0.0
-0.03720703125,-0.014941406249999999,0.07387133917811568,111,135,106,0.07384816,18,161,153,128,0,0.0
-0.03720703125,-0.01435546875,0.07386851837041444,134,154,113,0.07384816,18,161,153,128,0,0.0
-0.03720703125,-0.01376953125,0.07386927701816907,154,180,136,0.07384816,18,161,153,128,0,0.0
-0.03720703125,-0.01318359375,0.07387036523842339,138,168,131,0.07384816,18,161,153,128,0,0.0
-0.03720703125,-0.012597656249999999,0.07387899885597246,117,140,107,0.07384816,18,161,153,128,0,0.0
-0.03720703125,-0.01201171875,0.07388919528001799,125,149,114,0.07394081,18,161,153,128,0,0.0
-0.03662109375,-0.01845703125,0.07389207249980673,63,81,58,0.07385618,5,194,178,128,0,0.0
-0.03662109375,-0.01787109375,0.07389173529325642,63,81,63,0.07385618,5,194,178,128,0,0.0
-0.03662109375,-0.01728515625,0.0738903567677033,63,82,63,0.07385618,5,194,178,128,0,0.0
-0.03662109375,-0.016699218749999998,0.07388776640270324,72,92,71,0.07385618,5,194,178,128,0,0.0
-0.03662109375,-0.01611328125,0.07388440251307773,87,112,90,0.07385618,5,194,178,128,0,0.0
-0.03662109375,-0.015527343749999999,0.07388104447827298,88,114,91,0.07385618,5,194,178,128,0,0.0
-0.03662109375,-0.014941406249999999,0.07387933451812491,85,110,84,0.07384816,18,161,153,128,0,0.0
-0.03662109375,-0.01435546875,0.07387620541032226,133,157,125,0.07384816,18,161,153,128,0,0.0
-0.03662109375,-0.01318359375,0.07387719387097173,133,159,126,0.07384816,18,161,153,128,0,0.0
-0.03662109375,-0.012597656249999999,0.07388406714066909,108,133,100,0.07394081,18,161,153,128,0,0.0
-0.03662109375,-0.01201171875,0.07389314229462672,157,184,140,0.07394081,18,161,153,128,0,0.0
-0.03603515625,-0.01845703125,0.07389330093917588,106,107,72,0.073893525,28,189,119,255,0,0.0
-0.03603515625,-0.01787109375,0.07389314960106699,105,112,77,0.07385618,5,194,178,128,0,0.0
-0.03603515625,-0.01728515625,0.07389255783024112,62,74,47,0.07385618,5,194,178,128,0,0.0
-0.03603515625,-0.016699218749999998,0.07389204798161883,82,95,72,0.07388965,5,194,178,128,0,0.0
-0.03603515625,-0.01611328125,0.07389068842822742,69,93,71,0.07388965,5,194,178,128,0,0.0
-0.03603515625,-0.015527343749999999,0.07388843405553681,86,109,87,0.07388965,5,194,178,128,0,0.0
-0.03603515625,-0.014941406249999999,0.07388651240363894,85,106,78,0.07388496,18,161,153,128,0,0.0
-0.03603515625,-0.01435546875,0.07388377119945501,108,131,103,0.07388496,18,161,153,128,0,0.0
-0.03603515625,-0.01376953125,0.0738839582716267,108,131,103,0.07388496,18,161,153,128,0,0.0
-0.03603515625,-0.01318359375,0.07388391276239681,97,120,94,0.07388496,18,161,153,128,0,0.0
-0.03603515625,-0.012597656249999999,0.07388958581204737,84,108,83,0.07394081,18,161,153,128,0,0.0
-0.03603515625,-0.01201171875,0.07389767225191674,117,137,108,0.07394081,18,161,153,128,0,0.0
-0.03544921875,-0.01845703125,0.07389395255454143,82,84,49,0.073893525,28,189,119,255,0,0.0
-0.03544921875,-0.01787109375,0.07389385494858958,132,131,89,0.07388965,5,194,178,128,0,0.0
-0.03544921875,-0.01728515625,0.07389374007944348,95,91,52,0.07388965,5,194,178,128,0,0.0
-0.03544921875,-0.016699218749999998,0.0738939181228071,74,85,63,0.07388965,5,194,178,128,0,0.0
-0.03544921875,-0.01611328125,0.07389363314016494,72,91,70,0.07388965,5,194,178,128,0,0.0
-0.03544921875,-0.015527343749999999,0.07389280023519489,71,93,72,0.07388965,5,194,178,128,0,0.0
-0.03544921875,-0.014941406249999999,0.07389119807326186,103,124,97,0.07388496,18,161,153,128,0,0.0
-0.03544921875,-0.01435546875,0.07388897756840924,107,129,105,0.07388496,18,161,153,128,0,0.0
-0.03544921875,-0.01376953125,0.0738889074711503,96,116,92,0.07388496,18,161,153,128,0,0.0
-0.03544921875,-0.01318359375,0.07388843854325632,91,111,87,0.07388496,18,161,153,128,0,0.0
-0.03544921875,-0.012597656249999999,0.07389300670566343,77,96,73,0.07388496,18,161,153,128,0,0.0
-0.03544921875,-0.01201171875,0.0738998708340091,93,110,90,0.07394081,18,161,153,128,0,0.0
-0.034863281249999996,-0.01845703125,0.0738947849302023,110,108,77,0.073893525,28,189,119,255,0,0.0
-0.034863281249999996,-0.01787109375,0.07389461827708828,87,84,52,0.07388965,5,194,178,128,0,0.0
-0.034863281249999996,-0.01728515625,0.07389475564296842,121,117,74,0.07388965,5,194,178,128,0,0.0
-0.034863281249999996,-0.016699218749999998,0.07389514175132023,72,83,60,0.07388965,5,194,178,128,0,0.0
-0.034863281249999996,-0.01611328125,0.0738952457641972,55,74,54,0.07388965,5,194,178,128,0,0.0
-0.034863281249999996,-0.014941406249999999,0.07389346635552452,89,110,85,0.07388496,18,161,153,128,0,0.0
-0.034863281249999996,-0.01435546875,0.0738912494688735,71,91,65,0.07388496,18,161,153,128,0,0.0
-0.034863281249999996,-0.01376953125,0.0738907274617891,76,96,77,0.07388496,18,161,153,128,0,0.0
-0.034863281249999996,-0.01318359375,0.07388999223149927,75,94,75,0.07388496,18,161,153,128,0,0.0
-0.034863281249999996,-0.01201171875,0.07390079878020775,72,91,71,0.07390091,12,125,125,125,0,0.0
-0.03427734375,-0.01845703125,0.0738956467520571,113,110,78,0.073893525,28,189,119,255,0,0.0
-0.03427734375,-0.01787109375,0.07389521757669212,96,95,60,0.07388965,5,194,178,128,0,0.0
-0.03427734375,-0.01728515625,0.07389531113948991,90,88,52,0.07388965,5,194,178,128,0,0.0
-0.03427734375,-0.016699218749999998,0.07389575684600096,101,98,64,0.07388965,5,194,178,128,0,0.0
-0.03427734375,-0.01611328125,0.07389600622003638,67,78,57,0.07388965,5,194,178,128,0,0.0
-0.03427734375,-0.015527343749999999,0.07389607716199394,63,81,63,0.07388965,5,194,178,128,0,0.0
-0.03427734375,-0.014941406249999999,0.07389463892554038,70,87,67,0.07388965,5,194,178,128,0,0.0
-0.03427734375,-0.01435546875,0.07389244583579962,61,78,59,0.07388496,18,161,153,128,0,0.0
-0.03427734375,-0.01376953125,0.07389167156939713,86,104,85,0.07388496,18,161,153,128,0,0.0
-0.03427734375,-0.01318359375,0.07389066489689487,63,82,62,0.07388496,18,161,153,128,0,0.0
-0.03427734375,-0.012597656249999999,0.07389467513782792,76,95,75,0.07390091,12,125,125,125,0,0.0
-0.03369140625,-0.01845703125,0.07389670227451954,72,70,44,0.073893525,28,189,119,255,0,0.0
-0.03369140625,-0.01787109375,0.07389590214381889,76,74,45,0.07388965,5,194,178,128,0,0.0
-0.03369140625,-0.01728515625,0.07389581160069003,89,86,55,0.07388965,5,194,178,128,0,0.0
-0.03369140625,-0.016699218749999998,0.07389623242776276,88,88,58,0.07388965,5,194,178,128,0,0.0
-0.03369140625,-0.01611328125,0.07389656295929335,60,63,39,0.07388965,5,194,178,128,0,0.0
-0.03369140625,-0.014941406249999999,0.07389547589465623,59,76,57,0.07388965,5,194,178,128,0,0.0
-0.03369140625,-0.01435546875,0.07389332483319308,52,69,51,0.07388496,18,161,153,128,0,0.0
-0.03369140625,-0.01376953125,0.07389237145990929,70,85,69,0.07388496,18,161,153,128,0,0.0
-0.03369140625,-0.01318359375,0.07389116234012501,63,81,61,0.07390091,12,125,125,125,0,0.0
-0.03369140625,-0.012597656249999999,0.07389499070585893,79,98,78,0.07390091,12,125,125,125,0,0.0
-0.03310546875,-0.01845703125,0.07389813488907061,85,84,58,0.07389956,28,189,119,255,0,0.0
-0.03310546875,-0.01787109375,0.07389692891816531,75,70,45,0.07389956,28,189,119,255,0,0.0
-0.03310546875,-0.01728515625,0.07389645134150184,69,66,44,0.07388965,5,194,178,128,0,0.0
-0.03310546875,-0.016699218749999998,0.0738966896642039,63,66,45,0.07388965,5,194,178,128,0,0.0
-0.03310546875,-0.01611328125,0.07389691679301813,84,92,61,0.07388965,5,194,178,128,0,0.0
-0.03310546875,-0.015527343749999999,0.07389712726353491,85,88,59,0.07388965,5,194,178,128,0,0.0
-0.03310546875,-0.014941406249999999,0.07389567539759707,58,73,55,0.073891096,5,194,178,128,0,0.0
-0.03310546875,-0.01435546875,0.07389350217273068,62,79,61,0.073891096,5,194,178,128,0,0.0
-0.03310546875,-0.01318359375,0.0738913098473155,76,98,78,0.07390352,5,194,178,128,0,0.0
-0.03310546875,-0.01201171875,0.07390166912450549,89,111,88,0.07390352,5,194,178,128,0,0.0
-0.03251953125,-0.01845703125,0.07389948484799114,98,94,68,0.07389956,28,189,119,255,0,0.0
-0.03251953125,-0.01787109375,0.0738980617014896,84,80,50,0.07389956,28,189,119,255,0,0.0
-0.03251953125,-0.01728515625,0.07389732197029046,74,70,42,0.07389678,28,189,119,255,0,0.0
-0.03251953125,-0.016699218749999998,0.0738972902627173,56,60,41,0.07389678,28,189,119,255,0,0.0
-0.03251953125,-0.01611328125,0.07389729026216897,40,52,35,0.07389678,28,189,119,255,0,0.0
-0.03251953125,-0.015527343749999999,0.07389748003918895,111,109,76,0.07389678,28,189,119,255,0,0.0
-0.03251953125,-0.014941406249999999,0.07389599608769325,57,67,48,0.073891096,5,194,178,128,0,0.0
-0.03251953125,-0.01435546875,0.07389378013761756,56,73,54,0.073891096,5,194,178,128,0,0.0
-0.03251953125,-0.01318359375,0.07389156147567806,73,94,73,0.073891096,5,194,178,128,0,0.0
-0.03251953125,-0.012597656249999999,0.07389534546528981,60,82,62,0.07390352,5,194,178,128,0,0.0
-0.03251953125,-0.01201171875,0.07390201353824472,93,115,92,0.07390352,5,194,178,128,0,0.0
-0.031933593749999996,-0.01845703125,0.07390082689989946,66,66,44,0.07389956,28,189,119,255,0,0.0
-0.031933593749999996,-0.01787109375,0.07389939190091192,60,59,34,0.07389678,28,189,119,255,0,0.0
-0.031933593749999996,-0.01728515625,0.07389844244004944,103,100,69,0.07389678,28,189,119,255,0,0.0
-0.031933593749999996,-0.016699218749999998,0.07389808587774006,66,68,41,0.07389678,28,189,119,255,0,0.0
-0.031933593749999996,-0.01611328125,0.07389766701126507,45,52,37,0.07389678,28,189,119,255,0,0.0
-0.031933593749999996,-0.015527343749999999,0.07389764045989024,77,79,56,0.07389678,28,189,119,255,0,0.0
-0.031933593749999996,-0.014941406249999999,0.0738960899466769,60,69,49,0.073891096,5,194,178,128,0,0.0
-0.031933593749999996,-0.01435546875,0.07389370493248124,53,69,53,0.073891096,5,194,178,128,0,0.0
-0.031933593749999996,-0.01376953125,0.07389275245047565,56,71,55,0.073891096,5,194,178,128,0,0.0
-0.031933593749999996,-0.01318359375,0.07389157003070815,70,93,71,0.073891096,5,194,178,128,0,0.0
-0.031933593749999996,-0.012597656249999999,0.07389546423838068,76,97,78,0.073891096,5,194,178,128,0,0.0
-0.031933593749999996,-0.01201171875,0.07390221429401783,93,115,92,0.07390352,5,194,178,128,0,0.0
-0.03134765625,-0.01845703125,0.07390209996457048,58,59,40,0.07389956,28,189,119,255,0,0.0
-0.03134765625,-0.01787109375,0.07390068614193226,87,84,50,0.07389678,28,189,119,255,0,0.0
-0.03134765625,-0.01728515625,0.07389956283504631,66,62,37,0.07389678,28,189,119,255,0,0.0
-0.03134765625,-0.016699218749999998,0.0738988813796022,96,92,61,0.07389678,28,189,119,255,0,0.0
-0.03134765625,-0.01611328125,0.07389798281654761,73,70,42,0.07389678,28,189,119,255,0,0.0
-0.03134765625,-0.015527343749999999,0.07389767392858863,63,65,43,0.07389678,28,189,119,255,0,0.0
-0.03134765625,-0.014941406249999999,0.07389600215992773,53,62,45,0.073891096,5,194,178,128,0,0.0
-0.03134765625,-0.01435546875,0.07389348456378711,48,62,45,0.073891096,5,194,178,128,0,0.0
-0.03134765625,-0.01376953125,0.0738925701966918,59,72,59,0.073891096,5,194,178,128,0,0.0
-0.03134765625,-0.01318359375,0.07389139478741333,68,87,68,0.073891096,5,194,178,128,0,0.0
-0.03134765625,-0.012597656249999999,0.07389548655644274,65,84,65,0.073891096,5,194,178,128,0,0.0
-0.03134765625,-0.01201171875,0.07390245597085401,83,104,81,0.073891096,5,194,178,128,0,0.0
-0.03076171875,-0.01845703125,0.07390284006006523,64,65,47,0.07389956,28,189,119,255,0,0.0
-0.03076171875,-0.01787109375,0.07390165597850562,70,66,41,0.07389678,28,189,119,255,0,0.0
-0.03076171875,-0.01728515625,0.07390052907942979,76,71,48,0.07389678,28,189,119,255,0,0.0
-0.03076171875,-0.016699218749999998,0.07389963911858528,62,60,32,0.07389678,28,189,119,255,0,0.0
-0.03076171875,-0.01611328125,0.07389838276554445,103,100,68,0.07389678,28,189,119,255,0,0.0
-0.03076171875,-0.015527343749999999,0.07389783690214391,78,73,45,0.07389678,28,189,119,255,0,0.0
-0.03076171875,-0.014941406249999999,0.07389599636968788,63,67,50,0.073891096,5,194,178,128,0,0.0
-0.03076171875,-0.01435546875,0.07389334011684634,51,60,45,0.073891096,5,194,178,128,0,0.0
-0.03076171875,-0.01376953125,0.07389243455106644,45,60,47,0.073891096,5,194,178,128,0,0.0
-0.03076171875,-0.01318359375,0.07389128960911111,60,75,58,0.073891096,5,194,178,128,0,0.0
-0.03076171875,-0.012597656249999999,0.0738955972888367,63,85,65,0.073891096,5,194,178,128,0,0.0
-0.03076171875,-0.01201171875,0.07390274902627642,65,87,69,0.073891096,5,194,178,128,0,0.0
-0.03017578125,-0.01845703125,0.07390348732780298,51,52,35,0.07389956,28,189,119,255,0,0.0
-0.03017578125,-0.01787109375,0.07390244285672391,52,51,33,0.07389678,28,189,119,255,0,0.0
-0.03017578125,-0.01728515625,0.07390138784087025,61,59,38,0.07389678,28,189,119,255,0,0.0
-0.03017578125,-0.016699218749999998,0.07390030518353713,68,67,43,0.07389678,28,189,119,255,0,0.0
-0.03017578125,-0.01611328125,0.07389875580308501,65,66,48,0.07389678,28,189,119,255,0,0.0
-0.03017578125,-0.015527343749999999,0.07389804506570515,69,67,41,0.07389678,28,189,119,255,0,0.0
-0.03017578125,-0.014941406249999999,0.07389593446143303,96,95,62,0.07389114,28,189,119,255,0,0.0
-0.03017578125,-0.01435546875,0.07389315403814455,72,75,44,0.07389114,28,189,119,255,0,0.0
-0.03017578125,-0.01376953125,0.07389228679438686,43,55,39,0.07389114,28,189,119,255,0,0.0
-0.03017578125,-0.01318359375,0.07389114222342048,55,72,54,0.07389114,28,189,119,255,0,0.0
-0.03017578125,-0.012597656249999999,0.0738956504802219,60,79,61,0.07389114,28,189,119,255,0,0.0
-0.03017578125,-0.01201171875,0.07390302330987611,62,81,63,0.07390836,5,194,178,128,0,0.0
-0.029589843749999997,-0.01845703125,0.07390292082793781,53,56,39,0.07389332,14,31,31,31,0,0.0
-0.029589843749999997,-0.01787109375,0.07390208218378175,51,54,37,0.07389678,28,189,119,255,0,0.0
-0.029589843749999997,-0.01728515625,0.07390120871375092,63,62,44,0.07389678,28,189,119,255,0,0.0
-0.029589843749999997,-0.016699218749999998,0.07390024786949681,55,54,34,0.07389486,25,236,128,255,0,0.0
-0.029589843749999997,-0.01611328125,0.07389866183810634,54,55,36,0.07389486,25,236,128,255,0,0.0
-0.029589843749999997,-0.015527343749999999,0.07389783581472235,43,50,32,0.07389486,25,236,128,255,0,0.0
-0.029589843749999997,-0.014941406249999999,0.073895673408183,111,110,81,0.07389114,28,189,119,255,0,0.0
-0.029589843749999997,-0.01435546875,0.07389289554459251,106,103,64,0.07389114,28,189,119,255,0,0.0
-0.029589843749999997,-0.01376953125,0.07389218046871694,78,83,59,0.07389114,28,189,119,255,0,0.0
-0.029589843749999997,-0.01318359375,0.07389113369252331,46,60,43,0.07389114,28,189,119,255,0,0.0
-0.029589843749999997,-0.012597656249999999,0.07389585310155618,56,74,56,0.07389114,28,189,119,255,0,0.0
-0.029589843749999997,-0.01201171875,0.07390343599408243,59,79,60,0.07390836,5,194,178,128,0,0.0
-0.02900390625,-0.01845703125,0.07390124581175353,50,53,36,0.07389332,14,31,31,31,0,0.0
-0.02900390625,-0.01787109375,0.0739006904314068,51,53,35,0.07389486,25,236,128,255,0,0.0
-0.02900390625,-0.01728515625,0.0739000863727089,71,72,53,0.07389486,25,236,128,255,0,0.0
-0.02900390625,-0.016699218749999998,0.07389947529662282,54,52,36,0.07389486,25,236,128,255,0,0.0
-0.02900390625,-0.01611328125,0.07389824308865599,123,118,85,0.07389486,25,236,128,255,0,0.0
-0.02900390625,-0.015527343749999999,0.07389742280596281,38,44,31,0.07389486,25,236,128,255,0,0.0
-0.02900390625,-0.014941406249999999,0.0738952153687341,36,45,34,0.07389114,28,189,119,255,0,0.0
-0.02900390625,-0.01435546875,0.0738927120443798,137,132,87,0.07389114,28,189,119,255,0,0.0
-0.02900390625,-0.01376953125,0.07389223244825736,101,97,68,0.07389114,28,189,119,255,0,0.0
-0.02900390625,-0.01318359375,0.07389135876905865,65,66,45,0.07389114,28,189,119,255,0,0.0
-0.02900390625,-0.012597656249999999,0.07389619150786164,55,67,46,0.07390836,5,194,178,128,0,0.0
-0.02900390625,-0.01201171875,0.07390382238775567,57,74,56,0.07390836,5,194,178,128,0,0.0
-0.02841796875,-0.01845703125,0.07389921635034487,49,52,35,0.07389332,14,31,31,31,0,0.0
-0.02841796875,-0.01787109375,0.07389889513542336,50,52,35,0.07389486,25,236,128,255,0,0.0
-0.02841796875,-0.01728515625,0.07389852548587603,62,63,43,0.07389486,25,236,128,255,0,0.0
-0.02841796875,-0.016699218749999998,0.07389826118920907,61,59,41,0.07389486,25,236,128,255,0,0.0
-0.02841796875,-0.01611328125,0.07389745488722053,44,47,25,0.07389486,25,236,128,255,0,0.0
-0.02841796875,-0.015527343749999999,0.07389687477780471,70,70,46,0.07389486,25,236,128,255,0,0.0
-0.02841796875,-0.014941406249999999,0.07389470380564521,43,47,33,0.07389486,25,236,128,255,0,0.0
-0.02841796875,-0.01435546875,0.07389255990433488,47,47,25,0.07389114,28,189,119,255,0,0.0
-0.02841796875,-0.01376953125,0.07389251692333676,95,89,56,0.07389114,28,189,119,255,0,0.0
-0.02841796875,-0.01318359375,0.073891964655498,114,109,76,0.07389114,28,189,119,255,0,0.0
-0.02841796875,-0.01201171875,0.07390466626708597,55,69,52,0.07390836,5,194,178,128,0,0.0
-0.06298828125,-0.03896484375,0.07385284900259856,118,171,139,0.07382193,18,161,153,128,0,0.0
-0.06298828125,-0.03837890625,0.07383685324800511,130,190,159,0.07382193,18,161,153,128,0,0.0
-0.06298828125,-0.03779296875,0.07382313745544107,137,200,161,0.07382193,18,161,153,128,0,0.0
-0.062402343750000006,-0.03896484375,0.07385202472517671,131,186,153,0.07382193,18,161,153,128,0,0.0
-0.062402343750000006,-0.03837890625,0.07383602452395084,115,174,141,0.07382193,18,161,153,128,0,0.0
-0.062402343750000006,-0.03779296875,0.073821740130572,153,219,179,0.07382193,18,161,153,128,0,0.0
-0.061816406250000004,-0.03896484375,0.07385105334394446,116,174,138,0.07386704,18,161,153,128,0,0.0
-0.061816406250000004,-0.03837890625,0.07383555537230801,120,177,143,0.073816784,18,161,153,128,0,0.0
-0.061816406250000004,-0.03779296875,0.07382164686109376,144,208,172,0.073816784,18,161,153,128,0,0.0
-0.06123046875,-0.03896484375,0.07385056347902753,130,187,153,0.07386704,18,161,153,128,0,0.0
-0.06123046875,-0.03837890625,0.07383416487392955,132,189,152,0.073816784,18,161,153,128,0,0.0
-0.06123046875,-0.03779296875,0.07382084723267135,127,185,150,0.073816784,18,161,153,128,0,0.0
-0.06064453125,-0.03896484375,0.07384989211478188,115,173,137,0.07386704,18,161,153,128,0,0.0
-0.06064453125,-0.03837890625,0.07383314021150242,135,192,154,0.073816784,18,161,153,128,0,0.0
-0.03720703125,-0.026660156249999997,0.07389050256653384,73,87,69,0.073881105,12,125,125,125,0,0.0
-0.03720703125,-0.026074218749999996,0.07389286362102697,82,96,72,0.073881105,12,125,125,125,0,0.0
-0.03720703125,-0.025488281249999998,0.07389465209127369,94,110,84,0.073881105,12,125,125,125,0,0.0
-0.03720703125,-0.024902343749999997,0.07389675044224675,115,131,105,0.073881105,12,125,125,125,0,0.0
-0.03720703125,-0.02431640625,0.07389847321184759,98,112,87,0.073881105,12,125,125,125,0,0.0
-0.03720703125,-0.023730468749999997,0.07389890740910839,58,70,54,0.07388876,5,194,178,128,0,0.0
-0.03720703125,-0.023144531249999996,0.0738998430379888,52,65,53,0.07388876,5,194,178,128,0,0.0
-0.03720703125,-0.022558593749999998,0.07389884057639556,43,58,46,0.07388876,5,194,178,128,0,0.0
-0.03720703125,-0.021972656249999997,0.07389788196009911,45,62,51,0.07388876,5,194,178,128,0,0.0
-0.03720703125,-0.02138671875,0.07389640254444842,45,61,48,0.07388876,5,194,178,128,0,0.0
-0.03720703125,-0.020800781249999997,0.0738948090746051,46,63,49,0.07387023,5,194,178,128,0,0.0
-0.03720703125,-0.020214843749999996,0.07389310313075334,56,75,58,0.07387023,5,194,178,128,0,0.0
-0.03720703125,-0.019628906249999998,0.07389137085749757,54,73,56,0.07387023,5,194,178,128,0,0.0
-0.03720703125,-0.01904296875,0.07389036856715119,57,78,59,0.07387023,5,194,178,128,0,0.0
-0.03662109375,-0.026660156249999997,0.07389415922475118,58,69,56,0.073881105,12,125,125,125,0,0.0
-0.03662109375,-0.026074218749999996,0.07389665981048818,91,94,62,0.073881105,12,125,125,125,0,0.0
-0.03662109375,-0.025488281249999998,0.07389859526494771,131,134,111,0.073881105,12,125,125,125,0,0.0
-0.03662109375,-0.024902343749999997,0.07390058547176237,68,79,56,0.073881105,12,125,125,125,0,0.0
-0.03662109375,-0.02431640625,0.0739019651318054,113,124,101,0.073881105,12,125,125,125,0,0.0
-0.03662109375,-0.023730468749999997,0.07390220706673199,62,73,56,0.07388876,5,194,178,128,0,0.0
-0.03662109375,-0.023144531249999996,0.07390287897486965,53,66,55,0.07388876,5,194,178,128,0,0.0
-0.03662109375,-0.022558593749999998,0.07390169467823682,51,63,53,0.07388876,5,194,178,128,0,0.0
-0.03662109375,-0.021972656249999997,0.07390044557631331,41,56,45,0.07388876,5,194,178,128,0,0.0
-0.03662109375,-0.02138671875,0.07389866338640672,44,60,49,0.07388876,5,194,178,128,0,0.0
-0.03662109375,-0.020800781249999997,0.07389684011951948,40,56,44,0.07388876,5,194,178,128,0,0.0
-0.03662109375,-0.020214843749999996,0.07389499886719343,46,63,49,0.07387023,5,194,178,128,0,0.0
-0.03662109375,-0.019628906249999998,0.07389319255242925,53,67,51,0.07387023,5,194,178,128,0,0.0
-0.03603515625,-0.026660156249999997,0.07389822734358498,52,65,49,0.073881105,12,125,125,125,0,0.0
-0.03603515625,-0.026074218749999996,0.0739007996295215,122,130,96,0.073881105,12,125,125,125,0,0.0
-0.03603515625,-0.025488281249999998,0.07390272394807457,67,68,43,0.073881105,12,125,125,125,0,0.0
-0.03603515625,-0.024902343749999997,0.07390430480058693,58,62,43,0.073881105,12,125,125,125,0,0.0
-0.03603515625,-0.02431640625,0.07390536755464841,49,55,39,0.07390175,14,31,31,31,0,0.0
-0.03603515625,-0.023730468749999997,0.07390538372287266,77,82,65,0.07390175,14,31,31,31,0,0.0
-0.03603515625,-0.023144531249999996,0.07390576697655461,55,65,53,0.07390175,14,31,31,31,0,0.0
-0.03603515625,-0.022558593749999998,0.0739045105905424,39,52,42,0.07388876,5,194,178,128,0,0.0
-0.03603515625,-0.021972656249999997,0.07390312301967017,40,52,42,0.07388876,5,194,178,128,0,0.0
-0.03603515625,-0.02138671875,0.07390115253387974,41,54,43,0.07388876,5,194,178,128,0,0.0
-0.03603515625,-0.020800781249999997,0.07389902196692877,40,56,46,0.07388876,5,194,178,128,0,0.0
-0.03603515625,-0.020214843749999996,0.07389683098799228,46,60,41,0.073893525,28,189,119,255,0,0.0
-0.03603515625,-0.019628906249999998,0.07389471519834905,72,82,56,0.073893525,28,189,119,255,0,0.0
-0.03544921875,-0.026660156249999997,0.07390122841528679,60,68,55,0.073901586,12,125,125,125,0,0.0
-0.03544921875,-0.026074218749999996,0.07390379318228103,85,90,69,0.073901586,12,125,125,125,0,0.0
-0.03544921875,-0.025488281249999998,0.07390573428118075,58,61,43,0.073901586,12,125,125,125,0,0.0
-0.03544921875,-0.024902343749999997,0.07390699974877274,61,66,46,0.073901586,12,125,125,125,0,0.0
-0.03544921875,-0.02431640625,0.07390794587869878,70,76,59,0.07390175,14,31,31,31,0,0.0
-0.03544921875,-0.023730468749999997,0.07390786765077034,79,89,65,0.07390175,14,31,31,31,0,0.0
-0.03544921875,-0.023144531249999996,0.07390812114670947,50,63,48,0.07390175,14,31,31,31,0,0.0
-0.03544921875,-0.022558593749999998,0.07390692385529467,34,50,39,0.07390175,14,31,31,31,0,0.0
-0.03544921875,-0.021972656249999997,0.07390556385278647,34,46,39,0.07390175,14,31,31,31,0,0.0
-0.03544921875,-0.02138671875,0.0739035404929066,44,56,41,0.07388876,5,194,178,128,0,0.0
-0.03544921875,-0.020800781249999997,0.07390115694856249,54,68,49,0.073893525,28,189,119,255,0,0.0
-0.03544921875,-0.020214843749999996,0.07389859433173276,53,63,44,0.073893525,28,189,119,255,0,0.0
-0.03544921875,-0.01904296875,0.07389440079289328,82,87,54,0.073893525,28,189,119,255,0,0.0
-0.034863281249999996,-0.026660156249999997,0.07390369851631708,62,73,57,0.073901586,12,125,125,125,0,0.0
-0.034863281249999996,-0.026074218749999996,0.07390640463215961,79,85,66,0.073901586,12,125,125,125,0,0.0
-0.034863281249999996,-0.025488281249999998,0.07390839851867952,61,65,47,0.073901586,12,125,125,125,0,0.0
-0.034863281249999996,-0.024902343749999997,0.07390945789310982,54,59,36,0.073901586,12,125,125,125,0,0.0
-0.034863281249999996,-0.02431640625,0.07391024051464672,75,83,60,0.07390175,14,31,31,31,0,0.0
-0.034863281249999996,-0.023730468749999997,0.07391007475504503,62,70,52,0.07390175,14,31,31,31,0,0.0
-0.034863281249999996,-0.023144531249999996,0.07391029702241686,43,54,42,0.07390175,14,31,31,31,0,0.0
-0.034863281249999996,-0.022558593749999998,0.07390911685646305,35,49,37,0.07390175,14,31,31,31,0,0.0
-0.034863281249999996,-0.02138671875,0.07390573260164135,41,54,44,0.07390175,14,31,31,31,0,0.0
-0.034863281249999996,-0.020800781249999997,0.07390328042108206,64,70,51,0.073893525,28,189,119,255,0,0.0
-0.034863281249999996,-0.019628906249999998,0.073897592009154,77,80,49,0.073893525,28,189,119,255,0,0.0
-0.034863281249999996,-0.01904296875,0.07389554726296002,104,107,76,0.073893525,28,189,119,255,0,0.0
-0.03427734375,-0.026660156249999997,0.07390436412092666,45,51,38,0.073901586,12,125,125,125,0,0.0
-0.03427734375,-0.026074218749999996,0.07390721404473004,83,88,71,0.073901586,12,125,125,125,0,0.0
-0.03427734375,-0.025488281249999998,0.07390929343908237,58,61,44,0.073901586,12,125,125,125,0,0.0
-0.03427734375,-0.024902343749999997,0.0739103396233533,43,47,33,0.073901586,12,125,125,125,0,0.0
-0.03427734375,-0.02431640625,0.07391113067884655,75,79,62,0.073901586,12,125,125,125,0,0.0
-0.03427734375,-0.023730468749999997,0.07391108313992129,59,66,52,0.07390175,14,31,31,31,0,0.0
-0.03427734375,-0.023144531249999996,0.07391137007560311,45,55,45,0.07390175,14,31,31,31,0,0.0
-0.03427734375,-0.022558593749999998,0.0739103093145495,37,49,42,0.07390175,14,31,31,31,0,0.0
-0.03427734375,-0.021972656249999997,0.07390914517676475,35,48,38,0.07390175,14,31,31,31,0,0.0
-0.03427734375,-0.02138671875,0.07390722383358656,40,53,43,0.07390175,14,31,31,31,0,0.0
-0.03427734375,-0.020800781249999997,0.07390494538207458,39,50,35,0.073893525,28,189,119,255,0,0.0
-0.03427734375,-0.020214843749999996,0.07390219834351457,56,61,44,0.073893525,28,189,119,255,0,0.0
-0.03427734375,-0.019628906249999998,0.07389913522418945,89,92,66,0.073893525,28,189,119,255,0,0.0
-0.03427734375,-0.01904296875,0.07389668327670897,77,75,46,0.073893525,28,189,119,255,0,0.0
-0.03369140625,-0.026660156249999997,0.07390466487069815,40,47,32,0.073901586,12,125,125,125,0,0.0
-0.03369140625,-0.026074218749999996,0.07390772127257632,46,46,33,0.073901586,12,125,125,125,0,0.0
-0.03369140625,-0.025488281249999998,0.0739099598138951,64,65,50,0.073901586,12,125,125,125,0,0.0
-0.03369140625,-0.024902343749999997,0.07391104233781247,60,67,47,0.073901586,12,125,125,125,0,0.0
-0.03369140625,-0.02431640625,0.07391185400447334,60,66,51,0.073901586,12,125,125,125,0,0.0
-0.03369140625,-0.023730468749999997,0.073911886375981,39,46,38,0.07390175,14,31,31,31,0,0.0
-0.03369140625,-0.023144531249999996,0.07391225724179513,46,56,47,0.07390175,14,31,31,31,0,0.0
-0.03369140625,-0.022558593749999998,0.07391131207591715,41,52,43,0.07390175,14,31,31,31,0,0.0
-0.03369140625,-0.021972656249999997,0.07391029960415184,35,46,38,0.07390175,14,31,31,31,0,0.0
-0.03369140625,-0.02138671875,0.0739085841761556,47,59,46,0.07390175,14,31,31,31,0,0.0
-0.03369140625,-0.020800781249999997,0.0739065653057892,49,60,45,0.073893525,28,189,119,255,0,0.0
-0.03369140625,-0.020214843749999996,0.07390386360019265,40,47,33,0.073893525,28,189,119,255,0,0.0
-0.03369140625,-0.019628906249999998,0.07390075538837879,56,59,42,0.073893525,28,189,119,255,0,0.0
-0.03369140625,-0.01904296875,0.07389812859766623,58,60,37,0.073893525,28,189,119,255,0,0.0
-0.03310546875,-0.026660156249999997,0.07390467076928352,49,50,36,0.073901586,12,125,125,125,0,0.0
-0.03310546875,-0.026074218749999996,0.07390780659327982,51,56,41,0.073901586,12,125,125,125,0,0.0
-0.03310546875,-0.025488281249999998,0.07391025102993581,57,64,49,0.073901586,12,125,125,125,0,0.0
-0.03310546875,-0.024902343749999997,0.07391141157060047,41,52,39,0.07390149,34,255,111,194,0,0.0
-0.03310546875,-0.02431640625,0.07391225871929583,37,49,39,0.07390149,34,255,111,194,0,0.0
-0.03310546875,-0.023730468749999997,0.07391237745680886,34,46,36,0.07390175,14,31,31,31,0,0.0
-0.03310546875,-0.023144531249999996,0.0739128007417996,37,49,39,0.07390175,14,31,31,31,0,0.0
-0.03310546875,-0.022558593749999998,0.07391192938650457,36,47,40,0.073908746,14,31,31,31,0,0.0
-0.03310546875,-0.021972656249999997,0.07391102183958646,33,44,36,0.073908746,14,31,31,31,0,0.0
-0.03310546875,-0.02138671875,0.07390949301762206,30,40,29,0.073908746,14,31,31,31,0,0.0
-0.03310546875,-0.020800781249999997,0.07390776725915721,56,62,48,0.07389956,28,189,119,255,0,0.0
-0.03310546875,-0.019628906249999998,0.0739023902280519,71,73,50,0.07389956,28,189,119,255,0,0.0
-0.03310546875,-0.01904296875,0.07389974576587106,65,66,44,0.07389956,28,189,119,255,0,0.0
-0.03251953125,-0.026660156249999997,0.07390453085663061,56,58,43,0.07390149,34,255,111,194,0,0.0
-0.03251953125,-0.026074218749999996,0.07390783189404858,53,58,44,0.07390149,34,255,111,194,0,0.0
-0.03251953125,-0.025488281249999998,0.0739104330281829,44,53,42,0.07390149,34,255,111,194,0,0.0
-0.03251953125,-0.024902343749999997,0.07391165300001018,34,45,35,0.07390149,34,255,111,194,0,0.0
-0.03251953125,-0.02431640625,0.07391259525674707,32,43,37,0.07390149,34,255,111,194,0,0.0
-0.03251953125,-0.023730468749999997,0.07391280341366054,33,45,35,0.073908746,14,31,31,31,0,0.0
-0.03251953125,-0.023144531249999996,0.07391325404535759,34,45,37,0.073908746,14,31,31,31,0,0.0
-0.03251953125,-0.022558593749999998,0.07391245045296574,30,42,33,0.073908746,14,31,31,31,0,0.0
-0.03251953125,-0.021972656249999997,0.07391166466435571,33,44,36,0.073908746,14,31,31,31,0,0.0
-0.03251953125,-0.02138671875,0.07391026926731945,25,41,31,0.073908746,14,31,31,31,0,0.0
-0.03251953125,-0.020800781249999997,0.07390879920963751,38,46,35,0.07389956,28,189,119,255,0,0.0
-0.03251953125,-0.020214843749999996,0.07390652303958474,72,76,56,0.07389956,28,189,119,255,0,0.0
-0.03251953125,-0.019628906249999998,0.07390377608731243,54,54,33,0.07389956,28,189,119,255,0,0.0
-0.03251953125,-0.01904296875,0.07390121095801883,60,60,39,0.07389956,28,189,119,255,0,0.0
-0.031933593749999996,-0.026660156249999997,0.07390424616031561,48,49,36,0.07390149,34,255,111,194,0,0.0
-0.031933593749999996,-0.026074218749999996,0.07390769372318269,45,52,41,0.07390149,34,255,111,194,0,0.0
-0.031933593749999996,-0.025488281249999998,0.07391043784622418,39,46,37,0.07390149,34,255,111,194,0,0.0
-0.031933593749999996,-0.024902343749999997,0.07391174899780967,29,41,31,0.07390149,34,255,111,194,0,0.0
-0.031933593749999996,-0.02431640625,0.0739127597389243,32,43,35,0.07390149,34,255,111,194,0,0.0
-0.031933593749999996,-0.023730468749999997,0.07391301088538756,33,44,36,0.073908746,14,31,31,31,0,0.0
-0.031933593749999996,-0.023144531249999996,0.07391349194707353,38,50,41,0.073908746,14,31,31,31,0,0.0
-0.031933593749999996,-0.022558593749999998,0.07391269356127571,34,46,35,0.073908746,14,31,31,31,0,0.0
-0.031933593749999996,-0.021972656249999997,0.07391196804788763,32,42,34,0.073908746,14,31,31,31,0,0.0
-0.031933593749999996,-0.02138671875,0.07391066137552665,34,49,39,0.073908746,14,31,31,31,0,0.0
-0.031933593749999996,-0.020800781249999997,0.07390932622158951,33,44,34,0.07389956,28,189,119,255,0,0.0
-0.031933593749999996,-0.020214843749999996,0.07390733915685811,40,47,29,0.07389956,28,189,119,255,0,0.0
-0.031933593749999996,-0.019628906249999998,0.07390488740480443,84,79,47,0.07389956,28,189,119,255,0,0.0
-0.03134765625,-0.026660156249999997,0.07390401952378071,48,53,40,0.07390149,34,255,111,194,0,0.0
-0.03134765625,-0.026074218749999996,0.07390762665395283,40,47,38,0.07390149,34,255,111,194,0,0.0
-0.03134765625,-0.025488281249999998,0.07391053331575044,37,49,39,0.07390149,34,255,111,194,0,0.0
-0.03134765625,-0.024902343749999997,0.07391189629608039,35,46,37,0.07390149,34,255,111,194,0,0.0
-0.03134765625,-0.02431640625,0.07391294066441387,30,41,32,0.07390149,34,255,111,194,0,0.0
-0.03134765625,-0.023730468749999997,0.07391318870201423,33,44,36,0.073908746,14,31,31,31,0,0.0
-0.03134765625,-0.023144531249999996,0.07391368535670585,35,46,38,0.073908746,14,31,31,31,0,0.0
-0.03134765625,-0.022558593749999998,0.073912924688527,35,46,38,0.073908746,14,31,31,31,0,0.0
-0.03134765625,-0.021972656249999997,0.07391226922982513,30,41,33,0.073908746,14,31,31,31,0,0.0
-0.03134765625,-0.02138671875,0.07391105741474574,59,62,40,0.073908746,14,31,31,31,0,0.0
-0.03134765625,-0.020800781249999997,0.07390982825199977,55,57,40,0.07389956,28,189,119,255,0,0.0
-0.03134765625,-0.020214843749999996,0.07390798438434174,44,51,37,0.07389956,28,189,119,255,0,0.0
-0.03134765625,-0.019628906249999998,0.07390582449609959,62,63,39,0.07389956,28,189,119,255,0,0.0
-0.03134765625,-0.01904296875,0.07390360713438958,58,55,37,0.07389956,28,189,119,255,0,0.0
-0.03076171875,-0.026660156249999997,0.07390371126374885,46,53,38,0.07390149,34,255,111,194,0,0.0
-0.03076171875,-0.026074218749999996,0.07390747663065292,38,46,35,0.07390149,34,255,111,194,0,0.0
-0.03076171875,-0.025488281249999998,0.07391053030054597,38,48,39,0.07390149,34,255,111,194,0,0.0
-0.03076171875,-0.024902343749999997,0.0739119439271856,37,47,39,0.07390149,34,255,111,194,0,0.0
-0.03076171875,-0.02431640625,0.07391297488186348,45,56,48,0.07390149,34,255,111,194,0,0.0
-0.03076171875,-0.023730468749999997,0.07391319683394774,37,48,40,0.073908746,14,31,31,31,0,0.0
-0.03076171875,-0.023144531249999996,0.07391363541482944,33,44,36,0.073908746,14,31,31,31,0,0.0
-0.03076171875,-0.022558593749999998,0.07391283806799141,38,49,41,0.073908746,14,31,31,31,0,0.0
-0.03076171875,-0.021972656249999997,0.07391214062179935,28,39,33,0.073908746,14,31,31,31,0,0.0
-0.03076171875,-0.02138671875,0.0739109526601921,33,45,36,0.073908746,14,31,31,31,0,0.0
-0.03076171875,-0.020800781249999997,0.07390979412208006,64,66,45,0.07389956,28,189,119,255,0,0.0
-0.03076171875,-0.020214843749999996,0.07390808053234955,55,58,39,0.07389956,28,189,119,255,0,0.0
-0.03076171875,-0.019628906249999998,0.07390608212020726,38,46,31,0.07389956,28,189,119,255,0,0.0
-0.03076171875,-0.01904296875,0.07390414658047839,60,61,43,0.07389956,28,189,119,255,0,0.0
-0.03017578125,-0.026660156249999997,0.07390358329136418,46,53,40,0.07390149,34,255,111,194,0,0.0
-0.03017578125,-0.026074218749999996,0.07390745447058558,33,42,34,0.07390149,34,255,111,194,0,0.0
-0.03017578125,-0.025488281249999998,0.07391062393290442,36,46,37,0.07390149,34,255,111,194,0,0.0
-0.03017578125,-0.024902343749999997,0.07391206751486368,36,46,37,0.07390149,34,255,111,194,0,0.0
-0.03017578125,-0.02431640625,0.07391309778302296,33,43,35,0.07390149,34,255,111,194,0,0.0
-0.03017578125,-0.023730468749999997,0.0739132229874994,31,42,34,0.073896855,14,31,31,31,0,0.0
-0.03017578125,-0.023144531249999996,0.07391359521072269,32,43,35,0.073896855,14,31,31,31,0,0.0
-0.03017578125,-0.022558593749999998,0.0739127249566671,31,42,34,0.073896855,14,31,31,31,0,0.0
-0.03017578125,-0.021972656249999997,0.07391202297453234,35,46,35,0.073896855,14,31,31,31,0,0.0
-0.03017578125,-0.02138671875,0.0739107949925301,44,52,41,0.073908746,14,31,31,31,0,0.0
-0.03017578125,-0.020800781249999997,0.0739096509385051,54,59,45,0.07389956,28,189,119,255,0,0.0
-0.03017578125,-0.020214843749999996,0.07390813203728934,69,68,48,0.07389956,28,189,119,255,0,0.0
-0.03017578125,-0.019628906249999998,0.07390634634289438,56,59,44,0.07389956,28,189,119,255,0,0.0
-0.03017578125,-0.01904296875,0.07390462659777565,48,51,36,0.07389956,28,189,119,255,0,0.0
-0.029589843749999997,-0.026660156249999997,0.07390203088121694,60,71,58,0.073888704,14,31,31,31,0,0.0
-0.029589843749999997,-0.026074218749999996,0.07390602715543136,32,41,33,0.073888704,14,31,31,31,0,0.0
-0.029589843749999997,-0.025488281249999998,0.07390931227403949,34,44,35,0.073888704,14,31,31,31,0,0.0
-0.029589843749999997,-0.024902343749999997,0.07391084499404288,34,43,35,0.073888704,14,31,31,31,0,0.0
-0.029589843749999997,-0.02431640625,0.07391192005801275,35,46,37,0.073888704,14,31,31,31,0,0.0
-0.029589843749999997,-0.023730468749999997,0.07391199713016731,35,44,36,0.073896855,14,31,31,31,0,0.0
-0.029589843749999997,-0.023144531249999996,0.0739123066321046,38,45,37,0.073896855,14,31,31,31,0,0.0
-0.029589843749999997,-0.022558593749999998,0.07391137443460806,31,40,32,0.073896855,14,31,31,31,0,0.0
-0.029589843749999997,-0.021972656249999997,0.07391062884420299,32,43,33,0.073896855,14,31,31,31,0,0.0
-0.029589843749999997,-0.02138671875,0.07390938548681697,48,54,44,0.073896855,14,31,31,31,0,0.0
-0.029589843749999997,-0.020800781249999997,0.07390826081222684,39,46,31,0.07389332,14,31,31,31,0,0.0
-0.029589843749999997,-0.020214843749999996,0.07390690759412968,52,54,39,0.07389332,14,31,31,31,0,0.0
-0.029589843749999997,-0.019628906249999998,0.0739053292892696,61,62,44,0.07389332,14,31,31,31,0,0.0
-0.029589843749999997,-0.01904296875,0.07390385373424786,48,51,34,0.07389332,14,31,31,31,0,0.0
-0.02900390625,-0.026660156249999997,0.07389925199826056,36,46,38,0.073888704,14,31,31,31,0,0.0
-0.02900390625,-0.026074218749999996,0.07390349642649482,29,39,31,0.073888704,14,31,31,31,0,0.0
-0.02900390625,-0.025488281249999998,0.07390685486155703,30,41,32,0.073888704,14,31,31,31,0,0.0
-0.02900390625,-0.024902343749999997,0.07390841359354802,32,41,32,0.073888704,14,31,31,31,0,0.0
-0.02900390625,-0.02431640625,0.07390938581226494,35,46,36,0.073888704,14,31,31,31,0,0.0
-0.02900390625,-0.023730468749999997,0.07390928416207088,35,44,35,0.073896855,14,31,31,31,0,0.0
-0.02900390625,-0.023144531249999996,0.07390959251726749,42,49,41,0.073896855,14,31,31,31,0,0.0
-0.02900390625,-0.021972656249999997,0.0739078786920009,30,41,32,0.073896855,14,31,31,31,0,0.0
-0.02900390625,-0.02138671875,0.0739066874869694,45,54,40,0.073896855,14,31,31,31,0,0.0
-0.02900390625,-0.020800781249999997,0.07390566852253544,57,61,46,0.07389332,14,31,31,31,0,0.0
-0.02900390625,-0.020214843749999996,0.07390449223254737,44,48,33,0.07389332,14,31,31,31,0,0.0
-0.02900390625,-0.019628906249999998,0.07390313796077841,51,53,37,0.07389332,14,31,31,31,0,0.0
-0.02900390625,-0.01904296875,0.07390189960022027,46,49,32,0.07389332,14,31,31,31,0,0.0
-0.02841796875,-0.026660156249999997,0.0738959720031604,36,45,36,0.073888704,14,31,31,31,0,0.0
-0.02841796875,-0.026074218749999996,0.07390048003073398,32,40,31,0.073888704,14,31,31,31,0,0.0
-0.02841796875,-0.025488281249999998,0.07390395219660345,52,55,38,0.073888704,14,31,31,31,0,0.0
-0.02841796875,-0.024902343749999997,0.07390555604808363,45,46,31,0.073888704,14,31,31,31,0,0.0
-0.02841796875,-0.02431640625,0.07390645415726009,35,42,31,0.073888704,14,31,31,31,0,0.0
-0.02841796875,-0.023730468749999997,0.07390612977840745,33,41,31,0.073896855,14,31,31,31,0,0.0
-0.02841796875,-0.023144531249999996,0.07390648360452294,59,65,55,0.073896855,14,31,31,31,0,0.0
-0.02841796875,-0.022558593749999998,0.07390551669218243,37,43,33,0.073896855,14,31,31,31,0,0.0
-0.02841796875,-0.021972656249999997,0.07390476805967838,36,44,34,0.073896855,14,31,31,31,0,0.0
-0.02841796875,-0.02138671875,0.07390365729785928,33,42,30,0.073896855,14,31,31,31,0,0.0
-0.02841796875,-0.020800781249999997,0.07390275647318037,52,56,40,0.07389332,14,31,31,31,0,0.0
-0.02841796875,-0.020214843749999996,0.07390182090144756,49,53,37,0.07389332,14,31,31,31,0,0.0
-0.02841796875,-0.019628906249999998,0.07390066680555803,47,49,35,0.07389332,14,31,31,31,0,0.0
-0.02841796875,-0.01904296875,0.07389963564315934,63,66,48,0.07389332,14,31,31,31,0,0.0
-0.05595703125,-0.026660156249999997,0.0738197418818342,127,164,131,0.0738056,18,161,153,128,0,0.0
-0.05595703125,-0.026074218749999996,0.07382326224390295,158,200,161,0.0738056,18,161,153,128,0,0.0
-0.05595703125,-0.025488281249999998,0.0738253778074732,150,190,149,0.0738056,18,161,153,128,0,0.0
-0.05595703125,-0.024902343749999997,0.07382844189735623,159,196,157,0.0738056,18,161,153,128,0,0.0
-0.05595703125,-0.02431640625,0.07383129528346427,120,156,120,0.0738056,18,161,153,128,0,0.0
-0.05595703125,-0.023730468749999997,0.07383300527246567,137,172,135,0.0738297,18,161,153,128,0,0.0
-0.05595703125,-0.023144531249999996,0.07383730824954395,145,182,143,0.0738297,18,161,153,128,0,0.0
-0.05595703125,-0.022558593749999998,0.07383868449079886,178,213,173,0.0738297,18,161,153,128,0,0.0
-0.05595703125,-0.021972656249999997,0.07383937779255571,168,199,158,0.0738297,18,161,153,128,0,0.0
-0.05595703125,-0.02138671875,0.07383906167561367,151,184,146,0.0738297,18,161,153,128,0,0.0
-0.05595703125,-0.020800781249999997,0.07383741993831953,184,217,175,0.073819384,5,194,178,128,0,0.0
-0.05595703125,-0.020214843749999996,0.07383445008107298,180,217,175,0.073819384,5,194,178,128,0,0.0
-0.05595703125,-0.019628906249999998,0.07383115500041833,172,209,169,0.073819384,5,194,178,128,0,0.0
-0.05595703125,-0.01904296875,0.07382802166111511,186,223,182,0.073819384,5,194,178,128,0,0.0
-0.055371093749999996,-0.026660156249999997,0.07381469691958094,145,182,148,0.0738056,18,161,153,128,0,0.0
-0.055371093749999996,-0.026074218749999996,0.07381905921338809,185,226,188,0.0738056,18,161,153,128,0,0.0
-0.055371093749999996,-0.025488281249999998,0.07382185513978523,183,225,184,0.0738056,18,161,153,128,0,0.0
-0.055371093749999996,-0.024902343749999997,0.07382575794324679,130,166,129,0.0738056,18,161,153,128,0,0.0
-0.055371093749999996,-0.02431640625,0.07382926809306467,147,183,143,0.0738056,18,161,153,128,0,0.0
-0.055371093749999996,-0.023730468749999997,0.0738312540316681,146,182,141,0.0738297,18,161,153,128,0,0.0
-0.055371093749999996,-0.023144531249999996,0.07383621341528332,140,174,137,0.0738297,18,161,153,128,0,0.0
-0.055371093749999996,-0.022558593749999998,0.07383895901999883,134,165,126,0.0738297,18,161,153,128,0,0.0
-0.055371093749999996,-0.021972656249999997,0.07383855402695741,173,210,169,0.0738297,18,161,153,128,0,0.0
-0.055371093749999996,-0.02138671875,0.07383792155434128,166,201,161,0.0738297,18,161,153,128,0,0.0
-0.055371093749999996,-0.020800781249999997,0.07383686190891652,172,209,165,0.073819384,5,194,178,128,0,0.0
-0.055371093749999996,-0.020214843749999996,0.07383319339878325,187,228,186,0.073819384,5,194,178,128,0,0.0
-0.055371093749999996,-0.019628906249999998,0.07383000875616726,190,229,189,0.073819384,5,194,178,128,0,0.0
-0.055371093749999996,-0.01904296875,0.07382713140103253,167,205,165,0.073819384,5,194,178,128,0,0.0
-0.054785156249999994,-0.026660156249999997,0.07380979137630264,173,215,178,0.0738056,18,161,153,128,0,0.0
-0.054785156249999994,-0.026074218749999996,0.07381604372962994,178,219,177,0.0738056,18,161,153,128,0,0.0
-0.054785156249999994,-0.025488281249999998,0.07381918210670328,175,214,172,0.0738056,18,161,153,128,0,0.0
-0.054785156249999994,-0.024902343749999997,0.07382413207076283,190,226,183,0.0738056,18,161,153,128,0,0.0
-0.054785156249999994,-0.02431640625,0.07382772736156258,148,181,140,0.0738297,18,161,153,128,0,0.0
-0.054785156249999994,-0.023730468749999997,0.07382976167691054,194,229,186,0.0738297,18,161,153,128,0,0.0
-0.054785156249999994,-0.023144531249999996,0.07383469935292472,147,178,146,0.0738297,18,161,153,128,0,0.0
-0.054785156249999994,-0.022558593749999998,0.0738383286832744,128,158,122,0.0738297,18,161,153,128,0,0.0
-0.054785156249999994,-0.021972656249999997,0.07383783886965668,200,236,192,0.0738297,18,161,153,128,0,0.0
-0.054785156249999994,-0.02138671875,0.07383737639599822,171,210,167,0.0738297,18,161,153,128,0,0.0
-0.054785156249999994,-0.020800781249999997,0.07383588121794682,181,219,175,0.073819384,5,194,178,128,0,0.0
-0.054785156249999994,-0.020214843749999996,0.07383204986345678,190,228,188,0.073819384,5,194,178,128,0,0.0
-0.054785156249999994,-0.019628906249999998,0.07382891578814253,187,228,188,0.073819384,5,194,178,128,0,0.0
-0.054785156249999994,-0.01904296875,0.07382580473056707,171,210,172,0.073819384,5,194,178,128,0,0.0
-0.05419921874999999,-0.026660156249999997,0.07380766168486966,146,186,148,0.0738056,18,161,153,128,0,0.0
-0.05419921874999999,-0.026074218749999996,0.07381446149521663,169,210,168,0.0738056,18,161,153,128,0,0.0
-0.05419921874999999,-0.025488281249999998,0.0738189852658305,127,167,127,0.0738056,18,161,153,128,0,0.0
-0.05419921874999999,-0.024902343749999997,0.07382415203101904,142,177,136,0.0738056,18,161,153,128,0,0.0
-0.05419921874999999,-0.02431640625,0.07382785558865439,159,192,154,0.0738297,18,161,153,128,0,0.0
-0.05419921874999999,-0.023730468749999997,0.07382991557138127,160,193,149,0.0738297,18,161,153,128,0,0.0
-0.05419921874999999,-0.023144531249999996,0.07383459373472274,152,183,145,0.0738297,18,161,153,128,0,0.0
-0.05419921874999999,-0.022558593749999998,0.07383774170294043,135,165,131,0.0738297,18,161,153,128,0,0.0
-0.05419921874999999,-0.021972656249999997,0.0738383102771588,178,212,165,0.0738297,18,161,153,128,0,0.0
-0.05419921874999999,-0.02138671875,0.07383727204709578,197,234,192,0.0738297,18,161,153,128,0,0.0
-0.05419921874999999,-0.020800781249999997,0.07383504661619424,180,218,174,0.073820986,5,194,178,128,0,0.0
-0.05419921874999999,-0.020214843749999996,0.0738318885856761,218,253,215,0.073820986,5,194,178,128,0,0.0
-0.05419921874999999,-0.019628906249999998,0.07382839810868248,193,230,189,0.073819384,5,194,178,128,0,0.0
-0.05419921874999999,-0.01904296875,0.07382498508680767,192,231,193,0.073819384,5,194,178,128,0,0.0
-0.05361328124999999,-0.026660156249999997,0.0738095265790899,137,172,136,0.073810115,18,161,153,128,0,0.0
-0.05361328124999999,-0.026074218749999996,0.07381619133649994,186,221,181,0.073810115,18,161,153,128,0,0.0
-0.05361328124999999,-0.025488281249999998,0.07382001939506146,135,174,135,0.073810115,18,161,153,128,0,0.0
-0.05361328124999999,-0.024902343749999997,0.07382598354288401,119,152,116,0.073810115,18,161,153,128,0,0.0
-0.05361328124999999,-0.02431640625,0.07382928774805811,142,175,136,0.073810115,18,161,153,128,0,0.0
-0.05361328124999999,-0.023730468749999997,0.07383134582798628,147,181,140,0.073830225,18,161,153,128,0,0.0
-0.05361328124999999,-0.023144531249999996,0.07383613009085668,149,182,144,0.073830225,18,161,153,128,0,0.0
-0.05361328124999999,-0.022558593749999998,0.07383811324188261,118,152,115,0.073830225,18,161,153,128,0,0.0
-0.05361328124999999,-0.021972656249999997,0.07383884067579764,163,195,154,0.073830225,18,161,153,128,0,0.0
-0.05361328124999999,-0.02138671875,0.07383814838446451,171,205,163,0.073820986,5,194,178,128,0,0.0
-0.05361328124999999,-0.020800781249999997,0.07383535704922918,169,207,164,0.073820986,5,194,178,128,0,0.0
-0.05361328124999999,-0.020214843749999996,0.07383285879556513,188,225,179,0.073820986,5,194,178,128,0,0.0
-0.05361328124999999,-0.019628906249999998,0.07382924247428375,202,238,195,0.073820986,5,194,178,128,0,0.0
-0.05361328124999999,-0.01904296875,0.07382509702164551,187,225,184,0.073820986,5,194,178,128,0,0.0
-0.05302734375,-0.026660156249999997,0.07381408268176311,142,178,140,0.073810115,18,161,153,128,0,0.0
-0.05302734375,-0.026074218749999996,0.07382111035410521,144,179,140,0.073810115,18,161,153,128,0,0.0
-0.05302734375,-0.025488281249999998,0.07382428428474402,194,232,188,0.073810115,18,161,153,128,0,0.0
-0.05302734375,-0.024902343749999997,0.07382951543319942,152,191,149,0.073810115,18,161,153,128,0,0.0
-0.05302734375,-0.02431640625,0.0738329710829196,160,196,151,0.073810115,18,161,153,128,0,0.0
-0.05302734375,-0.023730468749999997,0.07383502555193755,145,182,140,0.073830225,18,161,153,128,0,0.0
-0.05302734375,-0.023144531249999996,0.07383927901751958,136,171,129,0.073830225,18,161,153,128,0,0.0
-0.05302734375,-0.022558593749999998,0.07384066146550455,159,197,154,0.073830225,18,161,153,128,0,0.0
-0.05302734375,-0.021972656249999997,0.07384091445651864,175,211,170,0.073830225,18,161,153,128,0,0.0
-0.05302734375,-0.02138671875,0.07384017730050847,159,192,153,0.073820986,5,194,178,128,0,0.0
-0.05302734375,-0.020800781249999997,0.0738374950982791,176,213,172,0.073820986,5,194,178,128,0,0.0
-0.05302734375,-0.020214843749999996,0.07383423041198857,187,221,180,0.073820986,5,194,178,128,0,0.0
-0.05302734375,-0.019628906249999998,0.07383087438965134,186,221,177,0.073820986,5,194,178,128,0,0.0
-0.05302734375,-0.01904296875,0.07382724981949323,188,223,182,0.073820986,5,194,178,128,0,0.0
-0.052441406249999996,-0.026660156249999997,0.07382146428454071,138,177,139,0.073810115,18,161,153,128,0,0.0
-0.052441406249999996,-0.026074218749999996,0.07382783159457033,137,174,132,0.073810115,18,161,153,128,0,0.0
-0.052441406249999996,-0.025488281249999998,0.07383139526238103,167,205,161,0.073810115,18,161,153,128,0,0.0
-0.052441406249999996,-0.024902343749999997,0.07383562825745767,194,231,188,0.073810115,18,161,153,128,0,0.0
-0.052441406249999996,-0.02431640625,0.07383822067380302,151,189,145,0.073810115,18,161,153,128,0,0.0
-0.052441406249999996,-0.023730468749999997,0.07383942498515346,154,191,149,0.073830225,18,161,153,128,0,0.0
-0.052441406249999996,-0.023144531249999996,0.07384313048613546,133,167,130,0.073830225,18,161,153,128,0,0.0
-0.052441406249999996,-0.022558593749999998,0.07384428551543372,149,185,148,0.073830225,18,161,153,128,0,0.0
-0.052441406249999996,-0.021972656249999997,0.07384409896557097,174,210,171,0.073830225,18,161,153,128,0,0.0
-0.052441406249999996,-0.02138671875,0.07384270470403644,164,203,162,0.073830225,18,161,153,128,0,0.0
-0.052441406249999996,-0.020800781249999997,0.07384080772328218,161,198,156,0.073820986,5,194,178,128,0,0.0
-0.052441406249999996,-0.020214843749999996,0.07383638153873737,198,234,195,0.073820986,5,194,178,128,0,0.0
-0.052441406249999996,-0.019628906249999998,0.07383247883205481,163,199,157,0.073820986,5,194,178,128,0,0.0
-0.052441406249999996,-0.01904296875,0.07382919799185841,177,210,169,0.073820986,5,194,178,128,0,0.0
-0.051855468749999994,-0.026660156249999997,0.07382744774328288,140,177,137,0.073810115,18,161,153,128,0,0.0
-0.051855468749999994,-0.026074218749999996,0.07383317749300423,164,201,158,0.073810115,18,161,153,128,0,0.0
-0.051855468749999994,-0.025488281249999998,0.0738367743829926,160,197,154,0.073810115,18,161,153,128,0,0.0
-0.051855468749999994,-0.024902343749999997,0.07384046284405085,155,188,148,0.073810115,18,161,153,128,0,0.0
-0.051855468749999994,-0.02431640625,0.073842200418956,153,188,146,0.073810115,18,161,153,128,0,0.0
-0.051855468749999994,-0.023730468749999997,0.07384262707092537,179,214,169,0.073830225,18,161,153,128,0,0.0
-0.051855468749999994,-0.023144531249999996,0.07384490923028206,171,206,167,0.073830225,18,161,153,128,0,0.0
-0.051855468749999994,-0.022558593749999998,0.07384532897211922,145,183,147,0.073830225,18,161,153,128,0,0.0
-0.051855468749999994,-0.021972656249999997,0.0738453895213571,149,188,149,0.073830225,18,161,153,128,0,0.0
-0.051855468749999994,-0.02138671875,0.07384350730565398,172,210,168,0.073830225,18,161,153,128,0,0.0
-0.051855468749999994,-0.020800781249999997,0.07384183560966501,140,174,135,0.073820986,5,194,178,128,0,0.0
-0.051855468749999994,-0.020214843749999996,0.07383722023600228,192,229,187,0.073820986,5,194,178,128,0,0.0
-0.051855468749999994,-0.019628906249999998,0.07383342115094871,162,197,154,0.073820986,5,194,178,128,0,0.0
-0.051855468749999994,-0.01904296875,0.07383006127191793,189,221,180,0.073820986,5,194,178,128,0,0.0
-0.05126953124999999,-0.026660156249999997,0.0738331784421113,135,169,130,0.073810115,18,161,153,128,0,0.0
-0.05126953124999999,-0.026074218749999996,0.07383860153872894,167,204,158,0.073810115,18,161,153,128,0,0.0
-0.05126953124999999,-0.025488281249999998,0.07384103829703614,164,201,157,0.073810115,18,161,153,128,0,0.0
-0.05126953124999999,-0.024902343749999997,0.07384430414873455,124,158,119,0.073810115,18,161,153,128,0,0.0
-0.05126953124999999,-0.02431640625,0.07384565519868755,147,181,137,0.073810115,18,161,153,128,0,0.0
-0.05126953124999999,-0.023730468749999997,0.07384486144923379,196,232,185,0.073830225,18,161,153,128,0,0.0
-0.05126953124999999,-0.023144531249999996,0.07384768246323918,167,206,160,0.073830225,18,161,153,128,0,0.0
-0.05126953124999999,-0.022558593749999998,0.07384705991928424,190,231,190,0.073830225,18,161,153,128,0,0.0
-0.05126953124999999,-0.021972656249999997,0.07384618254063564,182,221,178,0.073830225,18,161,153,128,0,0.0
-0.05126953124999999,-0.02138671875,0.07384443737675433,158,192,149,0.073830225,18,161,153,128,0,0.0
-0.05126953124999999,-0.020800781249999997,0.07384197885630886,176,214,171,0.073820986,5,194,178,128,0,0.0
-0.05126953124999999,-0.020214843749999996,0.07383738045835597,175,209,167,0.073820986,5,194,178,128,0,0.0
-0.05126953124999999,-0.019628906249999998,0.07383391492217778,182,216,172,0.073820986,5,194,178,128,0,0.0
-0.05126953124999999,-0.01904296875,0.0738288176503015,210,243,203,0.073820986,5,194,178,128,0,0.0
-0.05068359374999999,-0.026660156249999997,0.07383863478367472,157,194,154,0.073842645,18,161,153,128,0,0.0
-0.05068359374999999,-0.026074218749999996,0.07384476591806564,146,181,139,0.073842645,18,161,153,128,0,0.0
-0.05068359374999999,-0.025488281249999998,0.07384668786177477,152,190,144,0.073842645,18,161,153,128,0,0.0
-0.05068359374999999,-0.024902343749999997,0.07384955846814631,157,193,148,0.073842645,18,161,153,128,0,0.0
-0.05068359374999999,-0.02431640625,0.07385065395174226,163,198,153,0.073842645,18,161,153,128,0,0.0
-0.05068359374999999,-0.023730468749999997,0.07384821356149564,151,187,145,0.073830225,18,161,153,128,0,0.0
-0.05068359374999999,-0.023144531249999996,0.07385050694352165,111,146,104,0.073830225,18,161,153,128,0,0.0
-0.05068359374999999,-0.022558593749999998,0.07384953790312193,175,209,164,0.07384624,18,161,153,128,0,0.0
-0.05068359374999999,-0.021972656249999997,0.07384857452694106,158,192,150,0.07384624,18,161,153,128,0,0.0
-0.05068359374999999,-0.02138671875,0.0738461698625053,166,198,154,0.07384624,18,161,153,128,0,0.0
-0.05068359374999999,-0.020800781249999997,0.0738433011801415,190,225,179,0.0738263,5,194,178,128,0,0.0
-0.05068359374999999,-0.020214843749999996,0.07383900129783562,187,224,180,0.0738263,5,194,178,128,0,0.0
-0.05068359374999999,-0.019628906249999998,0.07383513828557817,185,218,173,0.0738263,5,194,178,128,0,0.0
-0.05068359374999999,-0.01904296875,0.0738298653004188,193,229,183,0.0738263,5,194,178,128,0,0.0
-0.05009765625,-0.026660156249999997,0.07384362304661943,130,167,127,0.073842645,18,161,153,128,0,0.0
-0.05009765625,-0.026074218749999996,0.07385035624725858,160,200,158,0.073842645,18,161,153,128,0,0.0
-0.05009765625,-0.025488281249999998,0.07385280715626553,164,204,160,0.073842645,18,161,153,128,0,0.0
-0.05009765625,-0.024902343749999997,0.07385466708416193,191,226,180,0.073842645,18,161,153,128,0,0.0
-0.05009765625,-0.02431640625,0.07385521860606786,144,177,134,0.073842645,18,161,153,128,0,0.0
-0.05009765625,-0.023730468749999997,0.07385230908738105,185,222,176,0.07384624,18,161,153,128,0,0.0
-0.05009765625,-0.023144531249999996,0.07385358208725079,164,199,157,0.07384624,18,161,153,128,0,0.0
-0.05009765625,-0.022558593749999998,0.07385369353039005,140,172,130,0.07384624,18,161,153,128,0,0.0
-0.05009765625,-0.021972656249999997,0.0738522158306813,174,206,160,0.07384624,18,161,153,128,0,0.0
-0.05009765625,-0.02138671875,0.07384902826655403,213,244,199,0.07384624,18,161,153,128,0,0.0
-0.05009765625,-0.020800781249999997,0.0738456348498635,197,229,181,0.0738263,5,194,178,128,0,0.0
-0.05009765625,-0.020214843749999996,0.07384170539762096,165,200,157,0.0738263,5,194,178,128,0,0.0
-0.05009765625,-0.019628906249999998,0.07383709807376217,175,209,165,0.0738263,5,194,178,128,0,0.0
-0.05009765625,-0.01904296875,0.07383249188776851,194,230,187,0.0738263,5,194,178,128,0,0.0
-0.049511718749999996,-0.026660156249999997,0.07384797257125683,133,171,134,0.073842645,18,161,153,128,0,0.0
-0.049511718749999996,-0.026074218749999996,0.07385487032732736,148,189,151,0.073842645,18,161,153,128,0,0.0
-0.049511718749999996,-0.025488281249999998,0.07385789210882744,147,184,142,0.073842645,18,161,153,128,0,0.0
-0.049511718749999996,-0.024902343749999997,0.07385943846328295,157,191,149,0.073842645,18,161,153,128,0,0.0
-0.049511718749999996,-0.02431640625,0.07385911506412006,162,195,153,0.073842645,18,161,153,128,0,0.0
-0.049511718749999996,-0.023730468749999997,0.07385641033297531,153,189,145,0.07384624,18,161,153,128,0,0.0
-0.049511718749999996,-0.023144531249999996,0.07385627123269144,186,222,179,0.07384624,18,161,153,128,0,0.0
-0.049511718749999996,-0.022558593749999998,0.07385574205551418,161,194,154,0.07384624,18,161,153,128,0,0.0
-0.049511718749999996,-0.021972656249999997,0.07385453669197671,176,210,164,0.07384624,18,161,153,128,0,0.0
-0.049511718749999996,-0.02138671875,0.07385087421174887,185,215,170,0.07384624,18,161,153,128,0,0.0
-0.049511718749999996,-0.020800781249999997,0.07384825099272872,138,167,121,0.0738263,5,194,178,128,0,0.0
-0.049511718749999996,-0.020214843749999996,0.07384479415285942,188,220,175,0.0738263,5,194,178,128,0,0.0
-0.049511718749999996,-0.019628906249999998,0.07383947574060486,204,238,193,0.0738263,5,194,178,128,0,0.0
-0.049511718749999996,-0.01904296875,0.0738347140557354,178,212,168,0.0738263,5,194,178,128,0,0.0
-0.048925781249999994,-0.026660156249999997,0.07385067554997043,119,158,124,0.073842645,18,161,153,128,0,0.0
-0.048925781249999994,-0.026074218749999996,0.07385777299062604,132,168,133,0.073842645,18,161,153,128,0,0.0
-0.048925781249999994,-0.025488281249999998,0.07386066006752616,134,170,131,0.073842645,18,161,153,128,0,0.0
-0.048925781249999994,-0.024902343749999997,0.0738628011915866,133,169,129,0.073842645,18,161,153,128,0,0.0
-0.048925781249999994,-0.02431640625,0.07386213146891661,154,190,149,0.073842645,18,161,153,128,0,0.0
-0.048925781249999994,-0.023730468749999997,0.07385967423193145,142,180,137,0.07384624,18,161,153,128,0,0.0
-0.048925781249999994,-0.023144531249999996,0.07385923688890537,194,229,186,0.07384624,18,161,153,128,0,0.0
-0.048925781249999994,-0.022558593749999998,0.0738572373733701,181,216,174,0.07384624,18,161,153,128,0,0.0
-0.048925781249999994,-0.021972656249999997,0.07385627813189909,151,187,144,0.07384624,18,161,153,128,0,0.0
-0.048925781249999994,-0.02138671875,0.07385304407498616,143,174,131,0.07384624,18,161,153,128,0,0.0
-0.048925781249999994,-0.020800781249999997,0.07384946818676795,166,194,151,0.0738263,5,194,178,128,0,0.0
-0.048925781249999994,-0.020214843749999996,0.07384690585809066,179,208,162,0.0738263,5,194,178,128,0,0.0
-0.048925781249999994,-0.019628906249999998,0.07384178755101156,212,243,198,0.0738263,5,194,178,128,0,0.0
-0.048925781249999994,-0.01904296875,0.07383663918871707,199,228,190,0.0738263,5,194,178,128,0,0.0
-0.04833984374999999,-0.026660156249999997,0.07385228139826068,112,149,118,0.073842645,18,161,153,128,0,0.0
-0.04833984374999999,-0.026074218749999996,0.07385916098647045,125,164,129,0.073842645,18,161,153,128,0,0.0
-0.04833984374999999,-0.025488281249999998,0.07386247095506354,162,198,155,0.073842645,18,161,153,128,0,0.0
-0.04833984374999999,-0.024902343749999997,0.0738643557486984,146,185,142,0.073842645,18,161,153,128,0,0.0
-0.04833984374999999,-0.02431640625,0.07386419811225652,169,206,165,0.073842645,18,161,153,128,0,0.0
-0.04833984374999999,-0.023730468749999997,0.07386166276020473,140,178,135,0.07384624,18,161,153,128,0,0.0
-0.04833984374999999,-0.023144531249999996,0.07386119547175542,164,200,154,0.07384624,18,161,153,128,0,0.0
-0.04833984374999999,-0.022558593749999998,0.07385794934611843,181,215,171,0.07384624,18,161,153,128,0,0.0
-0.04833984374999999,-0.021972656249999997,0.07385710209110945,145,179,139,0.07384624,18,161,153,128,0,0.0
-0.04833984374999999,-0.02138671875,0.07385388195966507,148,177,130,0.07384624,18,161,153,128,0,0.0
-0.04833984374999999,-0.020800781249999997,0.07384973881940374,199,222,180,0.07384624,18,161,153,128,0,0.0
-0.04833984374999999,-0.020214843749999996,0.07384729657870227,149,178,132,0.0738263,5,194,178,128,0,0.0
-0.04833984374999999,-0.019628906249999998,0.07384293207528839,202,233,186,0.0738263,5,194,178,128,0,0.0
-0.04833984374999999,-0.01904296875,0.0738386134493343,210,246,201,0.0738263,5,194,178,128,0,0.0
-0.04775390624999999,-0.026660156249999997,0.07385333431223819,100,135,107,0.07385126,5,194,178,128,0,0.0
-0.04775390624999999,-0.026074218749999996,0.07386024885565182,112,149,115,0.07385126,5,194,178,128,0,0.0
-0.04775390624999999,-0.025488281249999998,0.07386405584514545,136,171,134,0.07385126,5,194,178,128,0,0.0
-0.04775390624999999,-0.024902343749999997,0.07386576177491563,152,193,152,0.07385126,5,194,178,128,0,0.0
-0.04775390624999999,-0.02431640625,0.0738657853095718,154,192,153,0.07385126,5,194,178,128,0,0.0
-0.04775390624999999,-0.023730468749999997,0.07386381094211701,158,190,150,0.073853396,18,161,153,128,0,0.0
-0.04775390624999999,-0.023144531249999996,0.07386284994681899,175,210,163,0.073853396,18,161,153,128,0,0.0
-0.04775390624999999,-0.022558593749999998,0.07385950797465805,173,209,164,0.073853396,18,161,153,128,0,0.0
-0.04775390624999999,-0.021972656249999997,0.07385741209310456,149,184,144,0.07384624,18,161,153,128,0,0.0
-0.04775390624999999,-0.02138671875,0.07385432552253011,138,168,128,0.07384624,18,161,153,128,0,0.0
-0.04775390624999999,-0.020800781249999997,0.07385075258264731,168,199,153,0.07384624,18,161,153,128,0,0.0
-0.04775390624999999,-0.020214843749999996,0.07384740755477394,173,202,159,0.07383321,5,194,178,128,0,0.0
-0.04775390624999999,-0.019628906249999998,0.07384425939057976,166,194,150,0.07383321,5,194,178,128,0,0.0
-0.04775390624999999,-0.01904296875,0.07384003406959942,205,239,190,0.07383321,5,194,178,128,0,0.0
-0.04716796875,-0.026660156249999997,0.0738542963011172,94,128,103,0.07385126,5,194,178,128,0,0.0
-0.04716796875,-0.026074218749999996,0.0738610116054577,111,146,117,0.07385126,5,194,178,128,0,0.0
-0.04716796875,-0.025488281249999998,0.07386519775600697,119,156,123,0.07385126,5,194,178,128,0,0.0
-0.04716796875,-0.024902343749999997,0.07386699179088622,175,215,174,0.07385126,5,194,178,128,0,0.0
-0.04716796875,-0.02431640625,0.07386689313592516,148,186,145,0.07385126,5,194,178,128,0,0.0
-0.04716796875,-0.023730468749999997,0.0738648543405884,140,170,130,0.073853396,18,161,153,128,0,0.0
-0.04716796875,-0.023144531249999996,0.07386419238862252,170,201,154,0.073853396,18,161,153,128,0,0.0
-0.04716796875,-0.022558593749999998,0.07386104033213334,176,209,163,0.073853396,18,161,153,128,0,0.0
-0.04716796875,-0.021972656249999997,0.07385779409346145,178,212,170,0.073853396,18,161,153,128,0,0.0
-0.04716796875,-0.02138671875,0.07385463971740709,158,192,153,0.073853396,18,161,153,128,0,0.0
-0.04716796875,-0.020800781249999997,0.07385132568622874,183,211,170,0.07383321,5,194,178,128,0,0.0
-0.04716796875,-0.020214843749999996,0.07384730955567834,199,228,185,0.07383321,5,194,178,128,0,0.0
-0.04716796875,-0.019628906249999998,0.07384400135079457,142,171,129,0.07383321,5,194,178,128,0,0.0
-0.04716796875,-0.01904296875,0.07384098986947836,194,225,178,0.07383321,5,194,178,128,0,0.0
-0.06943359375,-0.027832031249999997,0.07385646404931272,142,179,142,0.0737422,18,161,153,128,0,0.0
-0.06943359375,-0.02724609375,0.07386023386531865,147,187,156,0.0737422,18,161,153,128,0,0.0
-0.06943359375,-0.026660156249999997,0.07386081100089255,133,168,135,0.0737422,18,161,153,128,0,0.0
-0.06943359375,-0.026074218749999996,0.07386216736145096,120,156,124,0.07375754,18,161,153,128,0,0.0
-0.06943359375,-0.025488281249999998,0.07386073583229788,115,154,124,0.07375754,18,161,153,128,0,0.0
-0.06943359375,-0.024902343749999997,0.07385958691995054,118,156,129,0.07375754,18,161,153,128,0,0.0
-0.06943359375,-0.02431640625,0.07385776967543327,109,148,118,0.07375754,18,161,153,128,0,0.0
-0.06943359375,-0.023730468749999997,0.07385510464126435,110,147,116,0.07375754,18,161,153,128,0,0.0
-0.06943359375,-0.023144531249999996,0.07385516001813343,132,169,135,0.07379006,5,194,178,128,0,0.0
-0.06943359375,-0.022558593749999998,0.07385408882493573,154,192,155,0.07379006,5,194,178,128,0,0.0
-0.06943359375,-0.021972656249999997,0.07385318751160774,188,226,187,0.07379006,5,194,178,128,0,0.0
-0.06943359375,-0.02138671875,0.07385224760221648,183,223,181,0.07379006,5,194,178,128,0,0.0
-0.06943359375,-0.020800781249999997,0.07385267408964732,194,233,195,0.07379006,5,194,178,128,0,0.0
-0.06943359375,-0.020214843749999996,0.0738527488622737,178,213,177,0.07375313,18,161,153,128,0,0.0
-0.06943359375,-0.019628906249999998,0.07385432824340603,174,213,171,0.07375313,18,161,153,128,0,0.0
-0.06943359375,-0.01904296875,0.07385460306534679,163,200,167,0.07375313,18,161,153,128,0,0.0
-0.06884765625,-0.027832031249999997,0.07384436753239945,107,137,106,0.0737422,18,161,153,128,0,0.0
-0.06884765625,-0.02724609375,0.07384871580581906,106,138,110,0.0737422,18,161,153,128,0,0.0
-0.06884765625,-0.026660156249999997,0.0738507486001113,125,161,131,0.0738445,18,161,153,128,0,0.0
-0.06884765625,-0.026074218749999996,0.07385369326320301,124,161,129,0.0738445,18,161,153,128,0,0.0
-0.06884765625,-0.025488281249999998,0.07385418616873766,120,160,130,0.07375754,18,161,153,128,0,0.0
-0.06884765625,-0.024902343749999997,0.0738547405201903,115,155,126,0.07375754,18,161,153,128,0,0.0
-0.06884765625,-0.02431640625,0.07385416690890229,112,151,118,0.07375754,18,161,153,128,0,0.0
-0.06884765625,-0.023730468749999997,0.07385153495627447,126,162,130,0.07384268,18,161,153,128,0,0.0
-0.06884765625,-0.023144531249999996,0.07385169560967673,133,169,133,0.07384268,18,161,153,128,0,0.0
-0.06884765625,-0.022558593749999998,0.07385089756856676,148,183,144,0.07384268,18,161,153,128,0,0.0
-0.06884765625,-0.021972656249999997,0.07384954417058599,180,219,177,0.07379006,5,194,178,128,0,0.0
-0.06884765625,-0.02138671875,0.07384814852236576,177,214,174,0.07379006,5,194,178,128,0,0.0
-0.06884765625,-0.020800781249999997,0.07384867258337788,178,216,173,0.07384195,5,194,178,128,0,0.0
-0.06884765625,-0.020214843749999996,0.07384876465361445,166,206,168,0.07384195,5,194,178,128,0,0.0
-0.06884765625,-0.019628906249999998,0.0738495035868399,154,188,151,0.07384195,5,194,178,128,0,0.0
-0.06884765625,-0.01904296875,0.07385009791805301,170,207,166,0.07375313,18,161,153,128,0,0.0
-0.06826171874999999,-0.027832031249999997,0.07383904103603764,97,130,105,0.073826455,18,161,153,128,0,0.0
-0.06826171874999999,-0.02724609375,0.0738434015311808,139,175,138,0.073826455,18,161,153,128,0,0.0
-0.06826171874999999,-0.026660156249999997,0.07384617376486483,106,147,116,0.0738445,18,161,153,128,0,0.0
-0.06826171874999999,-0.026074218749999996,0.07385013763645215,85,122,92,0.0738445,18,161,153,128,0,0.0
-0.06826171874999999,-0.025488281249999998,0.07385078463761728,119,159,127,0.0738445,18,161,153,128,0,0.0
-0.06826171874999999,-0.024902343749999997,0.07385137204831811,146,186,152,0.0738445,18,161,153,128,0,0.0
-0.06826171874999999,-0.02431640625,0.07385149025445108,119,158,126,0.0738445,18,161,153,128,0,0.0
-0.06826171874999999,-0.023730468749999997,0.07384890374475425,114,150,117,0.07384268,18,161,153,128,0,0.0
-0.06826171874999999,-0.023144531249999996,0.07384884092404378,127,162,132,0.07384268,18,161,153,128,0,0.0
-0.06826171874999999,-0.022558593749999998,0.0738478302017935,167,200,160,0.07384268,18,161,153,128,0,0.0
-0.06826171874999999,-0.021972656249999997,0.0738466639402575,180,216,172,0.07384268,18,161,153,128,0,0.0
-0.06826171874999999,-0.02138671875,0.07384508650430657,169,207,167,0.07384268,18,161,153,128,0,0.0
-0.06826171874999999,-0.020800781249999997,0.07384476339875129,182,216,177,0.07384195,5,194,178,128,0,0.0
-0.06826171874999999,-0.020214843749999996,0.07384432298582376,189,227,188,0.07384195,5,194,178,128,0,0.0
-0.06826171874999999,-0.019628906249999998,0.07384473280406147,158,196,159,0.07384195,5,194,178,128,0,0.0
-0.06826171874999999,-0.01904296875,0.0738454318562106,178,213,172,0.07384195,5,194,178,128,0,0.0
-0.06767578125,-0.026660156249999997,0.07384693125025263,117,156,125,0.0738445,18,161,153,128,0,0.0
-0.06767578125,-0.026074218749999996,0.0738509590432448,123,162,132,0.0738445,18,161,153,128,0,0.0
-0.06767578125,-0.025488281249999998,0.07385174514009087,137,178,144,0.0738445,18,161,153,128,0,0.0
-0.06767578125,-0.024902343749999997,0.07385200825998453,149,184,144,0.0738445,18,161,153,128,0,0.0
-0.06767578125,-0.02431640625,0.07385185589385003,131,171,140,0.0738445,18,161,153,128,0,0.0
-0.06767578125,-0.023730468749999997,0.07384961529280896,121,160,125,0.07384268,18,161,153,128,0,0.0
-0.06767578125,-0.023144531249999996,0.0738491695041099,158,196,162,0.07384268,18,161,153,128,0,0.0
-0.06767578125,-0.022558593749999998,0.07384797809354735,160,193,155,0.07384268,18,161,153,128,0,0.0
-0.06767578125,-0.021972656249999997,0.07384725342643375,167,201,158,0.07384268,18,161,153,128,0,0.0
-0.06767578125,-0.02138671875,0.07384544993482535,154,193,149,0.07384268,18,161,153,128,0,0.0
-0.06767578125,-0.020800781249999997,0.07384437013626018,182,218,175,0.07384195,5,194,178,128,0,0.0
-0.06767578125,-0.020214843749999996,0.07384406510753506,179,218,177,0.07384195,5,194,178,128,0,0.0
-0.06767578125,-0.019628906249999998,0.07384361960750394,185,226,187,0.07384195,5,194,178,128,0,0.0
-0.06767578125,-0.01904296875,0.07384359901835935,190,226,186,0.07384195,5,194,178,128,0,0.0
-0.06708984375,-0.026660156249999997,0.0738494951395049,148,193,160,0.0738445,18,161,153,128,0,0.0
-0.06708984375,-0.026074218749999996,0.07385416327447841,108,147,117,0.0738445,18,161,153,128,0,0.0
-0.06708984375,-0.025488281249999998,0.07385482866524146,148,191,151,0.0738445,18,161,153,128,0,0.0
-0.06708984375,-0.024902343749999997,0.07385514334864185,172,216,181,0.0738445,18,161,153,128,0,0.0
-0.06708984375,-0.02431640625,0.07385394846623003,159,204,173,0.0738445,18,161,153,128,0,0.0
-0.06708984375,-0.023730468749999997,0.07385227031456842,128,166,130,0.07384268,18,161,153,128,0,0.0
-0.06708984375,-0.023144531249999996,0.0738519928011747,179,215,172,0.07384268,18,161,153,128,0,0.0
-0.06708984375,-0.022558593749999998,0.07385067257591255,164,201,159,0.07384268,18,161,153,128,0,0.0
-0.06708984375,-0.021972656249999997,0.07384940757857285,177,212,171,0.07384268,18,161,153,128,0,0.0
-0.06708984375,-0.02138671875,0.07384726446597527,191,227,183,0.07384195,5,194,178,128,0,0.0
-0.06708984375,-0.020800781249999997,0.07384639559516615,151,185,143,0.07384195,5,194,178,128,0,0.0
-0.06708984375,-0.020214843749999996,0.07384632132210352,201,242,198,0.07384195,5,194,178,128,0,0.0
-0.06708984375,-0.019628906249999998,0.07384487130926118,184,222,181,0.07384195,5,194,178,128,0,0.0
-0.06708984375,-0.01904296875,0.07384500634013197,193,229,189,0.07384195,5,194,178,128,0,0.0
-0.06650390625,-0.026660156249999997,0.07385143531840774,140,181,149,0.0738445,18,161,153,128,0,0.0
-0.06650390625,-0.026074218749999996,0.07385583609899636,119,158,124,0.0738445,18,161,153,128,0,0.0
-0.06650390625,-0.025488281249999998,0.07385689411994198,147,182,144,0.0738445,18,161,153,128,0,0.0
-0.06650390625,-0.024902343749999997,0.07385666774412833,171,212,170,0.0738445,18,161,153,128,0,0.0
-0.06650390625,-0.02431640625,0.07385548886811269,173,217,175,0.0738445,18,161,153,128,0,0.0
-0.06650390625,-0.023730468749999997,0.07385313768586381,128,160,121,0.07384268,18,161,153,128,0,0.0
-0.06650390625,-0.023144531249999996,0.07385298704531547,162,197,158,0.07384268,18,161,153,128,0,0.0
-0.06650390625,-0.022558593749999998,0.07385215671697683,176,210,166,0.07384268,18,161,153,128,0,0.0
-0.06650390625,-0.021972656249999997,0.07385054381814567,173,208,164,0.07384268,18,161,153,128,0,0.0
-0.06650390625,-0.02138671875,0.07384865009584937,161,199,157,0.07384195,5,194,178,128,0,0.0
-0.06650390625,-0.020800781249999997,0.07384723418739547,174,211,171,0.07384195,5,194,178,128,0,0.0
-0.06650390625,-0.020214843749999996,0.07384703587847792,185,221,177,0.07384195,5,194,178,128,0,0.0
-0.06650390625,-0.019628906249999998,0.07384590888982316,182,219,178,0.07384195,5,194,178,128,0,0.0
-0.06650390625,-0.01904296875,0.07384500783521436,195,233,192,0.07384195,5,194,178,128,0,0.0
-0.06591796875,-0.026660156249999997,0.07385242741182955,128,169,135,0.073851876,18,161,153,128,0,0.0
-0.06591796875,-0.026074218749999996,0.07385563639373152,144,185,153,0.073851876,18,161,153,128,0,0.0
-0.06591796875,-0.025488281249999998,0.07385730821403137,128,163,129,0.073851876,18,161,153,128,0,0.0
-0.06591796875,-0.024902343749999997,0.07385675249283377,159,194,153,0.073851876,18,161,153,128,0,0.0
-0.06591796875,-0.02431640625,0.07385570968737697,166,205,163,0.073851876,18,161,153,128,0,0.0
-0.06591796875,-0.023730468749999997,0.07385264236231485,138,167,130,0.07384451,18,161,153,128,0,0.0
-0.06591796875,-0.023144531249999996,0.0738521132792528,143,177,138,0.07384451,18,161,153,128,0,0.0
-0.06591796875,-0.022558593749999998,0.07385172939773033,148,177,138,0.07384451,18,161,153,128,0,0.0
-0.06591796875,-0.021972656249999997,0.07385031077783066,178,214,173,0.07384451,18,161,153,128,0,0.0
-0.06591796875,-0.02138671875,0.07384823064894545,181,219,177,0.07384451,18,161,153,128,0,0.0
-0.06591796875,-0.020800781249999997,0.07384659468551236,201,238,197,0.07384451,18,161,153,128,0,0.0
-0.06591796875,-0.020214843749999996,0.07384619343349748,197,232,187,0.07383967,18,161,153,128,0,0.0
-0.06591796875,-0.019628906249999998,0.07384562856695948,190,227,185,0.07383967,18,161,153,128,0,0.0
-0.06591796875,-0.01904296875,0.07384406947680347,177,214,171,0.07383967,18,161,153,128,0,0.0
-0.027832031249999997,-0.026660156249999997,0.07389251597376531,35,41,36,0.073888704,14,31,31,31,0,0.0
-0.027832031249999997,-0.026074218749999996,0.07389722789089236,79,84,67,0.073888704,14,31,31,31,0,0.0
-0.027832031249999997,-0.025488281249999998,0.07390083570547146,65,62,40,0.073888704,14,31,31,31,0,0.0
-0.027832031249999997,-0.024902343749999997,0.07390258704520038,57,56,41,0.073888704,14,31,31,31,0,0.0
-0.027832031249999997,-0.02431640625,0.07390360030050165,60,60,44,0.073888704,14,31,31,31,0,0.0
-0.027832031249999997,-0.023730468749999997,0.07390331042793898,35,40,30,0.073896855,14,31,31,31,0,0.0
-0.027832031249999997,-0.023144531249999996,0.07390374473905491,38,44,34,0.073896855,14,31,31,31,0,0.0
-0.027832031249999997,-0.022558593749999998,0.07390272405643204,37,42,32,0.073896855,14,31,31,31,0,0.0
-0.027832031249999997,-0.021972656249999997,0.07390190217714471,44,51,39,0.073896855,14,31,31,31,0,0.0
-0.027832031249999997,-0.02138671875,0.07390073729645055,30,37,26,0.073896855,14,31,31,31,0,0.0
-0.027832031249999997,-0.020800781249999997,0.07389986399840583,36,41,31,0.07389332,14,31,31,31,0,0.0
-0.027832031249999997,-0.020214843749999996,0.07389910391726248,45,48,35,0.07389332,14,31,31,31,0,0.0
-0.027832031249999997,-0.019628906249999998,0.07389816253005026,42,45,33,0.07389332,14,31,31,31,0,0.0
-0.027832031249999997,-0.01904296875,0.07389744089243182,56,58,42,0.07389332,14,31,31,31,0,0.0
-0.02724609375,-0.026660156249999997,0.07388767600431163,32,39,32,0.073888704,14,31,31,31,0,0.0
-0.02724609375,-0.026074218749999996,0.07389248622668632,30,37,29,0.073888704,14,31,31,31,0,0.0
-0.02724609375,-0.025488281249999998,0.0738962786044989,56,55,36,0.073888704,14,31,31,31,0,0.0
-0.02724609375,-0.024902343749999997,0.07389828035877476,60,55,31,0.073888704,14,31,31,31,0,0.0
-0.02724609375,-0.02431640625,0.07389957506936466,60,58,40,0.073888704,14,31,31,31,0,0.0
-0.02724609375,-0.023730468749999997,0.07389956007147497,45,45,32,0.07388294,34,255,111,194,0,0.0
-0.02724609375,-0.023144531249999996,0.07390013826740827,50,50,34,0.07388294,34,255,111,194,0,0.0
-0.02724609375,-0.022558593749999998,0.07389920669808779,36,40,28,0.07388294,34,255,111,194,0,0.0
-0.02724609375,-0.021972656249999997,0.0738983737924377,48,53,39,0.07388294,34,255,111,194,0,0.0
-0.02724609375,-0.02138671875,0.07389722026791494,43,47,33,0.07389332,14,31,31,31,0,0.0
-0.02724609375,-0.020800781249999997,0.07389631169892161,46,52,40,0.07389332,14,31,31,31,0,0.0
-0.02724609375,-0.020214843749999996,0.073895705099652,41,45,34,0.07389332,14,31,31,31,0,0.0
-0.02724609375,-0.019628906249999998,0.07389503339514063,41,46,34,0.07389332,14,31,31,31,0,0.0
-0.02724609375,-0.01904296875,0.07389470435512537,42,48,34,0.07389332,14,31,31,31,0,0.0
-0.026660156249999997,-0.026660156249999997,0.07388138117854745,37,44,36,0.073888704,14,31,31,31,0,0.0
-0.026660156249999997,-0.026074218749999996,0.07388624495191749,31,37,31,0.07387723,14,31,31,31,0,0.0
-0.026660156249999997,-0.025488281249999998,0.07389011375662928,60,62,43,0.07387723,14,31,31,31,0,0.0
-0.026660156249999997,-0.024902343749999997,0.07389237709834733,121,116,92,0.07387723,14,31,31,31,0,0.0
-0.026660156249999997,-0.02431640625,0.07389378697159385,63,59,40,0.07387723,14,31,31,31,0,0.0
-0.026660156249999997,-0.023730468749999997,0.07389392266670712,45,44,30,0.07388294,34,255,111,194,0,0.0
-0.026660156249999997,-0.023144531249999996,0.0738947125875621,92,89,62,0.07388294,34,255,111,194,0,0.0
-0.026660156249999997,-0.022558593749999998,0.07389390314381321,70,65,37,0.07388294,34,255,111,194,0,0.0
-0.026660156249999997,-0.021972656249999997,0.0738931660278554,44,42,23,0.07388294,34,255,111,194,0,0.0
-0.026660156249999997,-0.02138671875,0.07389215030234086,55,57,40,0.07388294,34,255,111,194,0,0.0
-0.026660156249999997,-0.020800781249999997,0.07389137288194235,46,51,35,0.07388498,14,31,31,31,0,0.0
-0.026660156249999997,-0.020214843749999996,0.07389105222498661,40,44,32,0.07388498,14,31,31,31,0,0.0
-0.026660156249999997,-0.019628906249999998,0.07389076532840212,39,44,33,0.07388498,14,31,31,31,0,0.0
-0.026660156249999997,-0.01904296875,0.07389093409336034,42,45,34,0.07388498,14,31,31,31,0,0.0
-0.026074218749999996,-0.026660156249999997,0.07387566741250734,33,39,32,0.07387723,14,31,31,31,0,0.0
-0.026074218749999996,-0.026074218749999996,0.07388045411556257,67,66,48,0.07387723,14,31,31,31,0,0.0
-0.026074218749999996,-0.025488281249999998,0.07388418271450292,57,55,39,0.07387723,14,31,31,31,0,0.0
-0.026074218749999996,-0.024902343749999997,0.0738866076762411,54,49,37,0.07387723,14,31,31,31,0,0.0
-0.026074218749999996,-0.02431640625,0.0738882691018052,49,44,25,0.07387723,14,31,31,31,0,0.0
-0.026074218749999996,-0.023730468749999997,0.07388864306426977,102,96,64,0.07388294,34,255,111,194,0,0.0
-0.026074218749999996,-0.023144531249999996,0.07388971378030096,77,72,42,0.07388294,34,255,111,194,0,0.0
-0.026074218749999996,-0.022558593749999998,0.07388919516272868,75,71,39,0.07388294,34,255,111,194,0,0.0
-0.026074218749999996,-0.021972656249999997,0.07388870918856558,75,66,36,0.07388294,34,255,111,194,0,0.0
-0.026074218749999996,-0.02138671875,0.07388802087966789,64,59,38,0.07388294,34,255,111,194,0,0.0
-0.026074218749999996,-0.020800781249999997,0.07388756483301102,49,49,33,0.07388498,14,31,31,31,0,0.0
-0.026074218749999996,-0.020214843749999996,0.07388764845219356,50,52,38,0.07388498,14,31,31,31,0,0.0
-0.026074218749999996,-0.019628906249999998,0.07388778436725724,40,42,28,0.07388498,14,31,31,31,0,0.0
-0.026074218749999996,-0.01904296875,0.07388846618766277,52,55,42,0.07388498,14,31,31,31,0,0.0
-0.025488281249999998,-0.026660156249999997,0.07387143220310893,30,34,25,0.07387723,14,31,31,31,0,0.0
-0.025488281249999998,-0.026074218749999996,0.07387611774860132,35,37,25,0.07387723,14,31,31,31,0,0.0
-0.025488281249999998,-0.025488281249999998,0.0738797656261584,85,81,56,0.07387723,14,31,31,31,0,0.0
-0.025488281249999998,-0.024902343749999997,0.0738823697514794,81,76,52,0.07387723,14,31,31,31,0,0.0
-0.025488281249999998,-0.02431640625,0.07388437565818241,108,107,70,0.07387723,14,31,31,31,0,0.0
-0.025488281249999998,-0.023730468749999997,0.07388507157883756,70,71,50,0.07388294,34,255,111,194,0,0.0
-0.025488281249999998,-0.023144531249999996,0.0738864604249845,114,108,71,0.07388294,34,255,111,194,0,0.0
-0.025488281249999998,-0.022558593749999998,0.07388631674112205,75,67,38,0.07388294,34,255,111,194,0,0.0
-0.025488281249999998,-0.021972656249999997,0.0738861953727027,111,96,61,0.07388294,34,255,111,194,0,0.0
-0.025488281249999998,-0.02138671875,0.07388587231161445,77,68,37,0.07388498,14,31,31,31,0,0.0
-0.025488281249999998,-0.020800781249999997,0.07388575626960552,64,60,37,0.07388498,14,31,31,31,0,0.0
-0.025488281249999998,-0.020214843749999996,0.07388618698716848,52,53,32,0.07388498,14,31,31,31,0,0.0
-0.025488281249999998,-0.019628906249999998,0.07388671389558035,45,48,27,0.07388498,14,31,31,31,0,0.0
-0.025488281249999998,-0.01904296875,0.0738878650085966,41,44,28,0.07388498,14,31,31,31,0,0.0
-0.024902343749999997,-0.027832031249999997,0.07385891677499072,44,45,32,0.073845,17,236,150,21,0,0.0
-0.024902343749999997,-0.02724609375,0.07386535699616019,91,90,63,0.073845,17,236,150,21,0,0.0
-0.024902343749999997,-0.026660156249999997,0.07387103807217904,101,89,64,0.073890604,34,255,111,194,0,0.0
-0.024902343749999997,-0.026074218749999996,0.07387545232303692,66,59,40,0.073890604,34,255,111,194,0,0.0
-0.024902343749999997,-0.025488281249999998,0.07387906598118983,47,45,30,0.07387723,14,31,31,31,0,0.0
-0.024902343749999997,-0.024902343749999997,0.07388173820255614,69,68,52,0.07387723,14,31,31,31,0,0.0
-0.024902343749999997,-0.02431640625,0.07388383197324941,48,50,37,0.07387723,14,31,31,31,0,0.0
-0.024902343749999997,-0.023730468749999997,0.07388469082606915,50,53,39,0.07388294,34,255,111,194,0,0.0
-0.024902343749999997,-0.023144531249999996,0.07388622741117137,136,133,98,0.07388294,34,255,111,194,0,0.0
-0.024902343749999997,-0.022558593749999998,0.07388636797661727,104,94,60,0.07388294,34,255,111,194,0,0.0
-0.024902343749999997,-0.021972656249999997,0.07388645850932263,84,76,48,0.07388294,34,255,111,194,0,0.0
-0.024902343749999997,-0.02138671875,0.07388635093436792,112,100,55,0.07388498,14,31,31,31,0,0.0
-0.024902343749999997,-0.020800781249999997,0.07388664641437581,79,72,39,0.07388498,14,31,31,31,0,0.0
-0.024902343749999997,-0.020214843749999996,0.07388733128414862,62,59,35,0.07388498,14,31,31,31,0,0.0
-0.024902343749999997,-0.019628906249999998,0.07388812784915162,55,54,33,0.07388498,14,31,31,31,0,0.0
-0.024902343749999997,-0.01904296875,0.07388959857066357,44,46,28,0.07388498,14,31,31,31,0,0.0
-0.02431640625,-0.027832031249999997,0.07386769566724345,46,46,34,0.073845,17,236,150,21,0,0.0
-0.02431640625,-0.02724609375,0.07387348655669199,61,63,46,0.073845,17,236,150,21,0,0.0
-0.02431640625,-0.026660156249999997,0.07387867831214533,59,57,40,0.073890604,34,255,111,194,0,0.0
-0.02431640625,-0.026074218749999996,0.07388289511417914,82,76,47,0.073890604,34,255,111,194,0,0.0
-0.02431640625,-0.025488281249999998,0.07388640316444565,55,50,32,0.073890604,34,255,111,194,0,0.0
-0.02431640625,-0.024902343749999997,0.07388925102640755,43,43,29,0.073890604,34,255,111,194,0,0.0
-0.02431640625,-0.02431640625,0.07389140286269276,40,42,29,0.07387723,14,31,31,31,0,0.0
-0.02431640625,-0.023730468749999997,0.0738923742150839,40,43,27,0.073902786,17,236,150,21,0,0.0
-0.02431640625,-0.023144531249999996,0.07389367736691295,75,74,57,0.073902786,17,236,150,21,0,0.0
-0.02431640625,-0.022558593749999998,0.07389407232106444,56,61,46,0.073902786,17,236,150,21,0,0.0
-0.02431640625,-0.021972656249999997,0.07389432397153088,60,59,43,0.073902786,17,236,150,21,0,0.0
-0.02431640625,-0.02138671875,0.07389434984931492,78,76,49,0.073902786,17,236,150,21,0,0.0
-0.02431640625,-0.020800781249999997,0.0738947390877323,98,88,56,0.07388498,14,31,31,31,0,0.0
-0.02431640625,-0.020214843749999996,0.07389547977275883,64,57,28,0.073905006,17,236,150,21,0,0.0
-0.02431640625,-0.019628906249999998,0.07389623773738947,59,55,30,0.073905006,17,236,150,21,0,0.0
-0.02431640625,-0.01904296875,0.0738975125993037,56,55,35,0.073905006,17,236,150,21,0,0.0
-0.023730468749999997,-0.027832031249999997,0.07390039201680597,52,50,30,0.07387081,17,236,150,21,0,0.0
-0.023730468749999997,-0.02724609375,0.0739050503347411,77,73,50,0.07387081,17,236,150,21,0,0.0
-0.023730468749999997,-0.026660156249999997,0.07390809446642688,57,52,28,0.073890604,34,255,111,194,0,0.0
-0.023730468749999997,-0.026074218749999996,0.07391300459301131,106,101,76,0.073890604,34,255,111,194,0,0.0
-0.023730468749999997,-0.025488281249999998,0.0739155246049205,86,78,49,0.073890604,34,255,111,194,0,0.0
-0.023730468749999997,-0.024902343749999997,0.07391758749430573,46,47,31,0.073890604,34,255,111,194,0,0.0
-0.023730468749999997,-0.02431640625,0.07392162194295876,40,42,30,0.073890604,34,255,111,194,0,0.0
-0.023730468749999997,-0.023730468749999997,0.07392122049488761,36,38,24,0.073902786,17,236,150,21,0,0.0
-0.023730468749999997,-0.023144531249999996,0.07392171036834537,65,64,44,0.073902786,17,236,150,21,0,0.0
-0.023730468749999997,-0.022558593749999998,0.07392224036738501,40,40,26,0.073902786,17,236,150,21,0,0.0
-0.023730468749999997,-0.021972656249999997,0.07392458562956812,39,41,26,0.073902786,17,236,150,21,0,0.0
-0.023730468749999997,-0.02138671875,0.07392304574979919,41,40,27,0.073902786,17,236,150,21,0,0.0
-0.023730468749999997,-0.020800781249999997,0.07392421410380585,79,71,46,0.073905006,17,236,150,21,0,0.0
-0.023730468749999997,-0.020214843749999996,0.07392540017661481,76,72,42,0.073905006,17,236,150,21,0,0.0
-0.023730468749999997,-0.019628906249999998,0.07392612626818079,71,74,42,0.073905006,17,236,150,21,0,0.0
-0.023730468749999997,-0.01904296875,0.07392773298023186,73,76,50,0.073905006,17,236,150,21,0,0.0
-0.06533203125,-0.01845703125,0.07384379561612273,150,187,153,0.07383967,18,161,153,128,0,0.0
-0.06533203125,-0.01787109375,0.07384319613507212,173,209,166,0.07383967,18,161,153,128,0,0.0
-0.06533203125,-0.01728515625,0.07384031425671932,169,203,163,0.07382941,5,194,178,128,0,0.0
-0.06533203125,-0.016699218749999998,0.07383813347059806,185,216,177,0.07382941,5,194,178,128,0,0.0
-0.06533203125,-0.01611328125,0.07383500151046872,155,187,151,0.07382941,5,194,178,128,0,0.0
-0.06533203125,-0.015527343749999999,0.07383183376194923,140,166,126,0.07382941,5,194,178,128,0,0.0
-0.06533203125,-0.014941406249999999,0.07383006861603279,134,154,112,0.07382471,34,255,111,194,0,0.0
-0.06533203125,-0.01435546875,0.07382635832414015,145,170,130,0.07382471,34,255,111,194,0,0.0
-0.06533203125,-0.01376953125,0.07382706930886436,140,157,118,0.07382471,34,255,111,194,0,0.0
-0.06533203125,-0.01318359375,0.07382896648409401,143,157,113,0.07382471,34,255,111,194,0,0.0
-0.06533203125,-0.012597656249999999,0.07383901353025313,148,163,121,0.07385157,34,255,111,194,0,0.0
-0.06533203125,-0.01201171875,0.0738524690106935,116,125,91,0.07385157,34,255,111,194,0,0.0
-0.06474609375,-0.01845703125,0.07384299559956098,166,204,168,0.07383967,18,161,153,128,0,0.0
-0.06474609375,-0.01787109375,0.0738425841597921,192,231,188,0.07383967,18,161,153,128,0,0.0
-0.06474609375,-0.01728515625,0.07384074334380207,161,195,154,0.07382941,5,194,178,128,0,0.0
-0.06474609375,-0.016699218749999998,0.07383864253235778,160,195,153,0.07382941,5,194,178,128,0,0.0
-0.06474609375,-0.01611328125,0.07383464742659515,171,210,172,0.07382941,5,194,178,128,0,0.0
-0.06474609375,-0.015527343749999999,0.07383192632452563,149,176,138,0.07382941,5,194,178,128,0,0.0
-0.06474609375,-0.014941406249999999,0.07383064625373296,133,156,118,0.07382471,34,255,111,194,0,0.0
-0.06474609375,-0.01435546875,0.07382727857065127,185,218,171,0.07382471,34,255,111,194,0,0.0
-0.06474609375,-0.01376953125,0.07382798419800175,137,154,114,0.07382471,34,255,111,194,0,0.0
-0.06474609375,-0.01318359375,0.07383087622082878,112,124,83,0.07382471,34,255,111,194,0,0.0
-0.06474609375,-0.012597656249999999,0.07384104020794056,150,164,125,0.07385157,34,255,111,194,0,0.0
-0.06474609375,-0.01201171875,0.07385511417131733,157,172,127,0.07385157,34,255,111,194,0,0.0
-0.06416015625,-0.01845703125,0.07384216591458875,187,229,189,0.07383967,18,161,153,128,0,0.0
-0.06416015625,-0.01787109375,0.07384129757258698,188,227,187,0.07383967,18,161,153,128,0,0.0
-0.06416015625,-0.01728515625,0.07383992005999979,163,196,156,0.07382941,5,194,178,128,0,0.0
-0.06416015625,-0.016699218749999998,0.07383779395877864,188,223,184,0.07382941,5,194,178,128,0,0.0
-0.06416015625,-0.01611328125,0.07383365823297199,198,232,191,0.07382941,5,194,178,128,0,0.0
-0.06416015625,-0.015527343749999999,0.07383155683526749,213,244,203,0.07382941,5,194,178,128,0,0.0
-0.06416015625,-0.014941406249999999,0.07383014956500103,164,195,153,0.07382471,34,255,111,194,0,0.0
-0.06416015625,-0.01435546875,0.07382742736738657,167,189,148,0.07382471,34,255,111,194,0,0.0
-0.06416015625,-0.01376953125,0.07382861730895522,139,159,122,0.07382471,34,255,111,194,0,0.0
-0.06416015625,-0.01318359375,0.07383219211016886,114,125,89,0.07382471,34,255,111,194,0,0.0
-0.06416015625,-0.012597656249999999,0.0738424320623858,117,130,91,0.07385157,34,255,111,194,0,0.0
-0.06416015625,-0.01201171875,0.0738547522738821,197,219,172,0.07385157,34,255,111,194,0,0.0
-0.06357421875000001,-0.01845703125,0.07384134328410957,206,241,196,0.07383967,18,161,153,128,0,0.0
-0.06357421875000001,-0.01787109375,0.07383962050895049,193,231,188,0.07382941,5,194,178,128,0,0.0
-0.06357421875000001,-0.01728515625,0.0738379223623547,182,218,176,0.07382941,5,194,178,128,0,0.0
-0.06357421875000001,-0.016699218749999998,0.07383586227347559,192,227,186,0.07382941,5,194,178,128,0,0.0
-0.06357421875000001,-0.01611328125,0.07383218887284507,196,231,190,0.07382941,5,194,178,128,0,0.0
-0.06357421875000001,-0.015527343749999999,0.07383036269252068,167,197,154,0.07382941,5,194,178,128,0,0.0
-0.06357421875000001,-0.014941406249999999,0.07382950697816221,178,210,169,0.07382471,34,255,111,194,0,0.0
-0.06357421875000001,-0.01435546875,0.07382703560548481,159,176,135,0.07382471,34,255,111,194,0,0.0
-0.06357421875000001,-0.01376953125,0.07382897506657392,149,168,135,0.07382471,34,255,111,194,0,0.0
-0.06357421875000001,-0.01318359375,0.07383187258599394,118,136,102,0.07382471,34,255,111,194,0,0.0
-0.06357421875000001,-0.012597656249999999,0.07384175644212715,165,187,146,0.07385157,34,255,111,194,0,0.0
-0.06357421875000001,-0.01201171875,0.07385465927868606,151,172,132,0.07385157,34,255,111,194,0,0.0
-0.06298828125,-0.01845703125,0.07384027288812436,145,174,133,0.07383967,18,161,153,128,0,0.0
-0.06298828125,-0.01787109375,0.07383876796908846,197,234,187,0.07382941,5,194,178,128,0,0.0
-0.06298828125,-0.01728515625,0.07383600080159848,185,223,180,0.07382941,5,194,178,128,0,0.0
-0.06298828125,-0.016699218749999998,0.07383390270041819,184,218,179,0.07382941,5,194,178,128,0,0.0
-0.06298828125,-0.01611328125,0.07383136682620613,174,210,168,0.07382941,5,194,178,128,0,0.0
-0.06298828125,-0.015527343749999999,0.07382932444800416,199,225,183,0.0738249,18,161,153,128,0,0.0
-0.06298828125,-0.014941406249999999,0.0738287958046591,189,214,169,0.0738249,18,161,153,128,0,0.0
-0.06298828125,-0.01435546875,0.07382710493468193,153,169,122,0.07382471,34,255,111,194,0,0.0
-0.06298828125,-0.01376953125,0.07382818968458889,130,144,102,0.07382471,34,255,111,194,0,0.0
-0.06298828125,-0.01318359375,0.07383026486177323,168,190,145,0.07382471,34,255,111,194,0,0.0
-0.06298828125,-0.012597656249999999,0.0738405378157031,181,203,157,0.07385381,25,236,128,255,0,0.0
-0.06298828125,-0.01201171875,0.07385465506677526,135,148,100,0.07385381,25,236,128,255,0,0.0
-0.062402343750000006,-0.01845703125,0.07383872740780274,157,190,152,0.07383315,18,161,153,128,0,0.0
-0.062402343750000006,-0.01787109375,0.0738370891166813,183,216,174,0.07382941,5,194,178,128,0,0.0
-0.062402343750000006,-0.01728515625,0.07383441201229196,193,229,184,0.07382941,5,194,178,128,0,0.0
-0.062402343750000006,-0.016699218749999998,0.07383175435460694,202,236,195,0.0738249,18,161,153,128,0,0.0
-0.062402343750000006,-0.01611328125,0.07382954266629461,186,223,181,0.0738249,18,161,153,128,0,0.0
-0.062402343750000006,-0.015527343749999999,0.07382805992940812,183,210,173,0.0738249,18,161,153,128,0,0.0
-0.062402343750000006,-0.014941406249999999,0.07382805588464188,151,171,127,0.0738249,18,161,153,128,0,0.0
-0.062402343750000006,-0.01435546875,0.07382618012839215,150,165,122,0.0738249,18,161,153,128,0,0.0
-0.062402343750000006,-0.01376953125,0.07382629995002081,179,200,155,0.07382459,18,161,153,128,0,0.0
-0.062402343750000006,-0.01318359375,0.07382893322581699,201,225,178,0.07385381,25,236,128,255,0,0.0
-0.062402343750000006,-0.012597656249999999,0.07383959398059536,149,167,122,0.07385381,25,236,128,255,0,0.0
-0.062402343750000006,-0.01201171875,0.07385395024203617,163,179,127,0.07385381,25,236,128,255,0,0.0
-0.061816406250000004,-0.01845703125,0.07383679896329197,151,187,149,0.07383315,18,161,153,128,0,0.0
-0.061816406250000004,-0.01787109375,0.07383516864065977,174,208,168,0.07383315,18,161,153,128,0,0.0
-0.061816406250000004,-0.01728515625,0.07383289688979539,165,194,151,0.0738249,18,161,153,128,0,0.0
-0.061816406250000004,-0.016699218749999998,0.07383015015882659,198,230,183,0.0738249,18,161,153,128,0,0.0
-0.061816406250000004,-0.01611328125,0.07382825338839513,179,211,165,0.0738249,18,161,153,128,0,0.0
-0.061816406250000004,-0.015527343749999999,0.07382711845687771,162,190,159,0.0738249,18,161,153,128,0,0.0
-0.061816406250000004,-0.014941406249999999,0.07382757493532405,164,188,155,0.0738249,18,161,153,128,0,0.0
-0.061816406250000004,-0.01435546875,0.0738258133776486,154,172,134,0.0738249,18,161,153,128,0,0.0
-0.061816406250000004,-0.01376953125,0.07382583029192887,205,231,182,0.07382459,18,161,153,128,0,0.0
-0.061816406250000004,-0.01318359375,0.07382861569559875,172,195,150,0.07382459,18,161,153,128,0,0.0
-0.061816406250000004,-0.012597656249999999,0.07383932864874361,159,180,136,0.07385381,25,236,128,255,0,0.0
-0.061816406250000004,-0.01201171875,0.07385439886350344,188,204,155,0.07385381,25,236,128,255,0,0.0
-0.06123046875,-0.01845703125,0.07383530898819902,170,209,171,0.07383315,18,161,153,128,0,0.0
-0.06123046875,-0.01787109375,0.07383371620488931,166,201,162,0.07383315,18,161,153,128,0,0.0
-0.06123046875,-0.01728515625,0.07383142552490098,168,199,161,0.0738249,18,161,153,128,0,0.0
-0.06123046875,-0.016699218749999998,0.07382949973309025,149,174,133,0.0738249,18,161,153,128,0,0.0
-0.06123046875,-0.01611328125,0.07382787310363474,193,221,172,0.0738249,18,161,153,128,0,0.0
-0.06123046875,-0.015527343749999999,0.07382658013904828,211,239,197,0.0738249,18,161,153,128,0,0.0
-0.06123046875,-0.014941406249999999,0.07382684210086225,157,186,157,0.0738249,18,161,153,128,0,0.0
-0.06123046875,-0.01435546875,0.07382523706185876,135,164,130,0.07382459,18,161,153,128,0,0.0
-0.06123046875,-0.01376953125,0.0738261626614288,190,212,167,0.07382459,18,161,153,128,0,0.0
-0.06123046875,-0.01318359375,0.07382900682049542,145,160,116,0.07382459,18,161,153,128,0,0.0
-0.06123046875,-0.012597656249999999,0.07383979013821815,176,197,149,0.07382459,18,161,153,128,0,0.0
-0.06123046875,-0.01201171875,0.07385312003390289,172,189,141,0.07385381,25,236,128,255,0,0.0
-0.06064453125,-0.01845703125,0.0738346060265609,172,210,172,0.07383315,18,161,153,128,0,0.0
-0.06064453125,-0.01787109375,0.07383270391228514,162,201,164,0.07383315,18,161,153,128,0,0.0
-0.06064453125,-0.01728515625,0.07382966590545005,161,194,158,0.0738249,18,161,153,128,0,0.0
-0.06064453125,-0.016699218749999998,0.07382801195938386,150,176,134,0.0738249,18,161,153,128,0,0.0
-0.06064453125,-0.01611328125,0.07382671127915838,183,208,165,0.0738249,18,161,153,128,0,0.0
-0.06064453125,-0.015527343749999999,0.07382560013655771,174,199,159,0.0738249,18,161,153,128,0,0.0
-0.06064453125,-0.014941406249999999,0.0738265535114439,122,147,117,0.0738249,18,161,153,128,0,0.0
-0.06064453125,-0.01435546875,0.07382515624799837,158,183,146,0.07382459,18,161,153,128,0,0.0
-0.06064453125,-0.01376953125,0.07382607942892877,142,165,131,0.07382459,18,161,153,128,0,0.0
-0.06064453125,-0.01318359375,0.07382917004469794,136,158,121,0.07382459,18,161,153,128,0,0.0
-0.06064453125,-0.012597656249999999,0.0738403161200803,194,213,169,0.07382459,18,161,153,128,0,0.0
-0.06064453125,-0.01201171875,0.0738542514660717,165,181,137,0.07385381,25,236,128,255,0,0.0
-0.06005859375,-0.01845703125,0.07383378210261665,171,209,173,0.07382653,18,161,153,128,0,0.0
-0.06005859375,-0.01787109375,0.07383141323711252,177,214,176,0.07382653,18,161,153,128,0,0.0
-0.06005859375,-0.01728515625,0.07382805316233616,178,215,178,0.07381788,18,161,153,128,0,0.0
-0.06005859375,-0.016699218749999998,0.07382658417778827,167,193,153,0.07381788,18,161,153,128,0,0.0
-0.06005859375,-0.01611328125,0.07382551902838166,161,188,146,0.0738249,18,161,153,128,0,0.0
-0.06005859375,-0.015527343749999999,0.0738247710235614,143,172,137,0.0738249,18,161,153,128,0,0.0
-0.06005859375,-0.014941406249999999,0.07382624174053103,129,152,124,0.07382266,18,161,153,128,0,0.0
-0.06005859375,-0.01435546875,0.07382520403655209,135,156,129,0.07382266,18,161,153,128,0,0.0
-0.06005859375,-0.01376953125,0.07382584112274829,157,182,146,0.07382459,18,161,153,128,0,0.0
-0.06005859375,-0.01318359375,0.07382895220027305,168,189,152,0.07382459,18,161,153,128,0,0.0
-0.06005859375,-0.012597656249999999,0.07384029263064121,171,192,155,0.07382459,18,161,153,128,0,0.0
-0.06005859375,-0.01201171875,0.07385460500502307,129,146,114,0.07382459,18,161,153,128,0,0.0
-0.059472656250000006,-0.01845703125,0.07383303767306854,164,202,166,0.07382653,18,161,153,128,0,0.0
-0.059472656250000006,-0.01787109375,0.07383006715080744,177,215,177,0.07382653,18,161,153,128,0,0.0
-0.059472656250000006,-0.01728515625,0.07382639812693434,184,224,184,0.07381788,18,161,153,128,0,0.0
-0.059472656250000006,-0.016699218749999998,0.07382556597891556,181,208,171,0.07381788,18,161,153,128,0,0.0
-0.059472656250000006,-0.01611328125,0.07382479161570432,143,163,130,0.07381788,18,161,153,128,0,0.0
-0.059472656250000006,-0.015527343749999999,0.07382410810198,135,161,128,0.07381788,18,161,153,128,0,0.0
-0.059472656250000006,-0.014941406249999999,0.07382546079137221,143,165,135,0.07382266,18,161,153,128,0,0.0
-0.059472656250000006,-0.01435546875,0.07382449799430145,162,187,154,0.07382266,18,161,153,128,0,0.0
-0.059472656250000006,-0.01376953125,0.07382566419966878,203,229,180,0.07382266,18,161,153,128,0,0.0
-0.059472656250000006,-0.01318359375,0.0738283256137149,167,191,160,0.07382266,18,161,153,128,0,0.0
-0.059472656250000006,-0.012597656249999999,0.07383979765567966,173,194,165,0.07385648,18,161,153,128,0,0.0
-0.059472656250000006,-0.01201171875,0.07385566607044779,150,175,145,0.07385648,18,161,153,128,0,0.0
-0.058886718750000004,-0.01845703125,0.07383202744857358,178,218,179,0.07382653,18,161,153,128,0,0.0
-0.058886718750000004,-0.01787109375,0.07382861179040943,194,232,192,0.07382653,18,161,153,128,0,0.0
-0.058886718750000004,-0.01728515625,0.07382499297850285,193,230,192,0.07381788,18,161,153,128,0,0.0
-0.058886718750000004,-0.016699218749999998,0.07382382646716405,168,202,168,0.07381788,18,161,153,128,0,0.0
-0.058886718750000004,-0.01611328125,0.07382234496366301,128,153,123,0.07381788,18,161,153,128,0,0.0
-0.058886718750000004,-0.015527343749999999,0.07382200510256301,140,170,139,0.07381788,18,161,153,128,0,0.0
-0.058886718750000004,-0.014941406249999999,0.07382402946957571,157,187,154,0.07382266,18,161,153,128,0,0.0
-0.058886718750000004,-0.01435546875,0.07382383410715962,176,207,168,0.07382266,18,161,153,128,0,0.0
-0.058886718750000004,-0.01376953125,0.07382584756999629,197,221,175,0.07382266,18,161,153,128,0,0.0
-0.058886718750000004,-0.01318359375,0.07382891762431043,198,225,185,0.07382266,18,161,153,128,0,0.0
-0.058886718750000004,-0.012597656249999999,0.0738405666522448,191,214,174,0.07385648,18,161,153,128,0,0.0
-0.058886718750000004,-0.01201171875,0.07385611883146329,164,193,158,0.07385648,18,161,153,128,0,0.0
-0.05830078125,-0.01845703125,0.07383048068963356,188,227,184,0.07382653,18,161,153,128,0,0.0
-0.05830078125,-0.01787109375,0.07382617139107936,201,242,200,0.07382653,18,161,153,128,0,0.0
-0.05830078125,-0.01728515625,0.07382293237098483,180,217,178,0.07381788,18,161,153,128,0,0.0
-0.05830078125,-0.016699218749999998,0.07382186338059174,156,183,148,0.07381788,18,161,153,128,0,0.0
-0.05830078125,-0.01611328125,0.07381991517817993,172,210,175,0.07381788,18,161,153,128,0,0.0
-0.05830078125,-0.015527343749999999,0.07381969580512214,171,207,168,0.07381788,18,161,153,128,0,0.0
-0.05830078125,-0.014941406249999999,0.07382286878134232,188,217,175,0.07382266,18,161,153,128,0,0.0
-0.05830078125,-0.01435546875,0.07382316539948397,212,243,198,0.07382266,18,161,153,128,0,0.0
-0.05830078125,-0.01376953125,0.07382515400749265,150,171,133,0.07382266,18,161,153,128,0,0.0
-0.05830078125,-0.01318359375,0.0738289616601747,176,198,153,0.07382266,18,161,153,128,0,0.0
-0.05830078125,-0.012597656249999999,0.07384085757603497,154,180,142,0.07385648,18,161,153,128,0,0.0
-0.05830078125,-0.01201171875,0.0738564111393611,155,180,146,0.07385648,18,161,153,128,0,0.0
-0.05771484375,-0.01845703125,0.07382820360313457,178,215,170,0.07382653,18,161,153,128,0,0.0
-0.05771484375,-0.01787109375,0.07382455748980633,202,241,198,0.07382653,18,161,153,128,0,0.0
-0.05771484375,-0.01728515625,0.07382166507693648,187,224,185,0.07381788,18,161,153,128,0,0.0
-0.05771484375,-0.016699218749999998,0.07382106777913995,156,184,140,0.07381788,18,161,153,128,0,0.0
-0.05771484375,-0.01611328125,0.07381927304134873,203,228,193,0.07381788,18,161,153,128,0,0.0
-0.05771484375,-0.015527343749999999,0.07381860095186986,182,215,177,0.07381788,18,161,153,128,0,0.0
-0.05771484375,-0.014941406249999999,0.07382227190680005,166,196,159,0.07381788,18,161,153,128,0,0.0
-0.05771484375,-0.01435546875,0.0738228099470127,182,212,168,0.07382266,18,161,153,128,0,0.0
-0.05771484375,-0.01376953125,0.0738246695271921,140,164,133,0.07382266,18,161,153,128,0,0.0
-0.05771484375,-0.01318359375,0.0738299219347133,149,166,130,0.07382266,18,161,153,128,0,0.0
-0.05771484375,-0.012597656249999999,0.07384169225282104,169,194,154,0.07385648,18,161,153,128,0,0.0
-0.05771484375,-0.01201171875,0.07385692009223416,157,183,153,0.07385648,18,161,153,128,0,0.0
-0.05712890625,-0.01845703125,0.07382649463512939,169,206,164,0.073819384,5,194,178,128,0,0.0
-0.05712890625,-0.01787109375,0.0738234299042851,189,226,185,0.073819384,5,194,178,128,0,0.0
-0.05712890625,-0.01728515625,0.07382074129027803,178,213,174,0.07381788,18,161,153,128,0,0.0
-0.05712890625,-0.016699218749999998,0.07382066289641434,175,204,163,0.07381788,18,161,153,128,0,0.0
-0.05712890625,-0.01611328125,0.07381939943330187,181,216,172,0.07381788,18,161,153,128,0,0.0
-0.05712890625,-0.015527343749999999,0.07381879312127843,174,209,172,0.07381788,18,161,153,128,0,0.0
-0.05712890625,-0.014941406249999999,0.07382271055820774,139,171,133,0.07381762,18,161,153,128,0,0.0
-0.05712890625,-0.01435546875,0.07382410875467822,191,222,181,0.07382441,5,194,178,128,0,0.0
-0.05712890625,-0.01376953125,0.07382514484864114,163,194,163,0.07382441,5,194,178,128,0,0.0
-0.05712890625,-0.01318359375,0.07383101930533366,163,180,150,0.07382441,5,194,178,128,0,0.0
-0.05712890625,-0.012597656249999999,0.07384324476270411,148,170,133,0.07382441,5,194,178,128,0,0.0
-0.05712890625,-0.01201171875,0.07385734178154824,149,174,143,0.07385648,18,161,153,128,0,0.0
-0.056542968750000006,-0.01845703125,0.07382553446727963,179,218,177,0.073819384,5,194,178,128,0,0.0
-0.056542968750000006,-0.01787109375,0.07382229162044893,187,224,183,0.073819384,5,194,178,128,0,0.0
-0.056542968750000006,-0.01728515625,0.07382019956334362,152,186,146,0.07381762,18,161,153,128,0,0.0
-0.056542968750000006,-0.016699218749999998,0.07382003046274208,160,187,144,0.07381762,18,161,153,128,0,0.0
-0.056542968750000006,-0.01611328125,0.07381970597419804,182,212,165,0.07381762,18,161,153,128,0,0.0
-0.056542968750000006,-0.015527343749999999,0.07381974181554046,153,188,152,0.07381762,18,161,153,128,0,0.0
-0.056542968750000006,-0.014941406249999999,0.07382376150273273,153,182,144,0.07381762,18,161,153,128,0,0.0
-0.056542968750000006,-0.01435546875,0.07382526691684493,199,231,186,0.07382441,5,194,178,128,0,0.0
-0.056542968750000006,-0.01376953125,0.07382618059411408,169,197,165,0.07382441,5,194,178,128,0,0.0
-0.056542968750000006,-0.01318359375,0.07383185493724873,134,155,127,0.07382441,5,194,178,128,0,0.0
-0.056542968750000006,-0.012597656249999999,0.07384501895864633,144,164,129,0.07382441,5,194,178,128,0,0.0
-0.056542968750000006,-0.01201171875,0.07385850002687165,194,221,184,0.07385913,5,194,178,128,0,0.0
-0.027832031249999997,-0.03896484375,0.07387488261320775,87,82,59,0.073875464,34,255,111,194,0,0.0
-0.027832031249999997,-0.03837890625,0.07386342473718091,83,79,54,0.07385351,34,255,111,194,0,0.0
-0.027832031249999997,-0.03779296875,0.07385693040049988,107,98,67,0.07385351,34,255,111,194,0,0.0
-0.02724609375,-0.03896484375,0.07387379286977176,86,80,57,0.073875464,34,255,111,194,0,0.0
-0.02724609375,-0.03837890625,0.07386144678901709,90,88,54,0.07385351,34,255,111,194,0,0.0
-0.02724609375,-0.03779296875,0.07385425885148345,137,132,104,0.07385351,34,255,111,194,0,0.0
-0.026660156249999997,-0.03896484375,0.073872084769343,91,81,53,0.07387107,34,255,111,194,0,0.0
-0.026660156249999997,-0.03837890625,0.07385950901874468,84,77,52,0.07387107,34,255,111,194,0,0.0
-0.026660156249999997,-0.03779296875,0.07385295403940612,78,73,51,0.07384974,34,255,111,194,0,0.0
-0.026074218749999996,-0.03896484375,0.07387058703502716,118,110,76,0.07387107,34,255,111,194,0,0.0
-0.026074218749999996,-0.03837890625,0.07385859452694886,97,87,54,0.07387107,34,255,111,194,0,0.0
-0.026074218749999996,-0.03779296875,0.0738509767332609,85,78,52,0.07384974,34,255,111,194,0,0.0
-0.025488281249999998,-0.03896484375,0.0738730852341629,95,82,52,0.07387107,34,255,111,194,0,0.0
-0.025488281249999998,-0.03837890625,0.07386029762809726,88,78,47,0.07387107,34,255,111,194,0,0.0
-0.025488281249999998,-0.03779296875,0.07385255691301218,82,73,51,0.07384974,34,255,111,194,0,0.0
-0.024902343749999997,-0.03896484375,0.07387747676926024,99,87,54,0.07387107,34,255,111,194,0,0.0
-0.024902343749999997,-0.03837890625,0.07386497606414644,107,101,67,0.07384974,34,255,111,194,0,0.0
-0.024902343749999997,-0.03779296875,0.07385735224191221,86,79,50,0.07384974,34,255,111,194,0,0.0
-0.02431640625,-0.03896484375,0.07388814391517316,84,82,59,0.07387107,34,255,111,194,0,0.0
-0.02431640625,-0.03837890625,0.07387730261078598,106,109,87,0.07388107,25,236,128,255,0,0.0
-0.02431640625,-0.03779296875,0.0738706886477336,87,90,67,0.07388107,25,236,128,255,0,0.0
-0.023730468749999997,-0.03896484375,0.07392168310393149,72,72,53,0.07388107,25,236,128,255,0,0.0
-0.023730468749999997,-0.03837890625,0.07391254178310118,90,90,69,0.07388107,25,236,128,255,0,0.0
-0.023730468749999997,-0.03779296875,0.07390720739142444,72,70,45,0.07388107,25,236,128,255,0,0.0
-0.04658203125,-0.01845703125,0.07383908382365442,124,154,112,0.07383321,5,194,178,128,0,0.0
-0.04658203125,-0.01787109375,0.07383557795530639,186,215,173,0.07382381,5,194,178,128,0,0.0
-0.04658203125,-0.01728515625,0.07383234912395352,190,220,181,0.07382381,5,194,178,128,0,0.0
-0.04658203125,-0.016699218749999998,0.07382810033315551,183,211,169,0.07382381,5,194,178,128,0,0.0
-0.04658203125,-0.01611328125,0.07382712575389966,141,169,128,0.07382381,5,194,178,128,0,0.0
-0.04658203125,-0.015527343749999999,0.07382799488663766,190,214,169,0.07382381,5,194,178,128,0,0.0
-0.04658203125,-0.01435546875,0.0738323338297248,201,228,189,0.073825575,18,161,153,128,0,0.0
-0.04658203125,-0.01376953125,0.073835892819172,220,246,210,0.073825575,18,161,153,128,0,0.0
-0.04658203125,-0.01318359375,0.07384221343760265,208,240,202,0.073825575,18,161,153,128,0,0.0
-0.04658203125,-0.012597656249999999,0.07385487749730286,185,222,184,0.0738726,5,194,178,128,0,0.0
-0.04658203125,-0.01201171875,0.07387047817952641,186,219,184,0.0738726,5,194,178,128,0,0.0
-0.04599609375,-0.01845703125,0.07383937216156033,148,177,138,0.07383321,5,194,178,128,0,0.0
-0.04599609375,-0.01728515625,0.07383340448852797,148,179,138,0.07382381,5,194,178,128,0,0.0
-0.04599609375,-0.016699218749999998,0.07383054297609622,180,210,168,0.07382381,5,194,178,128,0,0.0
-0.04599609375,-0.015527343749999999,0.07382914618912924,188,216,176,0.07382381,5,194,178,128,0,0.0
-0.04599609375,-0.014941406249999999,0.07383118007014398,196,226,184,0.073825575,18,161,153,128,0,0.0
-0.04599609375,-0.01435546875,0.07383349314844527,193,224,183,0.073825575,18,161,153,128,0,0.0
-0.04599609375,-0.01376953125,0.07383647239698604,210,241,203,0.073825575,18,161,153,128,0,0.0
-0.04599609375,-0.012597656249999999,0.07385469152041957,179,212,178,0.073825575,18,161,153,128,0,0.0
-0.04599609375,-0.01201171875,0.07387012997674196,190,222,189,0.0738726,5,194,178,128,0,0.0
-0.04541015625,-0.01845703125,0.07383928009575683,158,189,146,0.07383321,5,194,178,128,0,0.0
-0.04541015625,-0.01787109375,0.07383571335341443,189,218,173,0.07382381,5,194,178,128,0,0.0
-0.04541015625,-0.01728515625,0.07383437335406184,140,170,126,0.07382381,5,194,178,128,0,0.0
-0.04541015625,-0.01611328125,0.07382989410324868,182,218,176,0.07382381,5,194,178,128,0,0.0
-0.04541015625,-0.014941406249999999,0.07383217463774176,178,209,170,0.073825575,18,161,153,128,0,0.0
-0.04541015625,-0.01435546875,0.07383461232644026,185,217,178,0.073825575,18,161,153,128,0,0.0
-0.04541015625,-0.01318359375,0.0738428721425073,203,235,199,0.073825575,18,161,153,128,0,0.0
-0.04541015625,-0.012597656249999999,0.07385485835346736,193,224,189,0.07387231,5,194,178,128,0,0.0
-0.04482421875,-0.01845703125,0.07383979597178436,158,186,148,0.07383321,5,194,178,128,0,0.0
-0.04482421875,-0.01728515625,0.07383467685753406,138,165,122,0.07382381,5,194,178,128,0,0.0
-0.04482421875,-0.016699218749999998,0.0738322100647926,183,209,164,0.07382381,5,194,178,128,0,0.0
-0.04482421875,-0.01611328125,0.07383147879780179,192,226,180,0.07382381,5,194,178,128,0,0.0
-0.04482421875,-0.015527343749999999,0.07383041677501528,204,239,200,0.07383036,5,194,178,128,0,0.0
-0.04482421875,-0.014941406249999999,0.07383249947825972,182,217,176,0.073825575,18,161,153,128,0,0.0
-0.04482421875,-0.01435546875,0.07383535662662989,177,209,170,0.073825575,18,161,153,128,0,0.0
-0.04482421875,-0.01376953125,0.07383872806926897,191,223,183,0.073825575,18,161,153,128,0,0.0
-0.04482421875,-0.01318359375,0.07384347578508225,209,241,202,0.07387231,5,194,178,128,0,0.0
-0.04482421875,-0.01201171875,0.07386949677738969,191,223,186,0.07387231,5,194,178,128,0,0.0
-0.04423828125,-0.01845703125,0.07384050804542001,131,159,120,0.0738382,18,161,153,128,0,0.0
-0.04423828125,-0.01787109375,0.07383753301824315,154,181,145,0.07383036,5,194,178,128,0,0.0
-0.04423828125,-0.01728515625,0.07383555511758377,105,133,99,0.07383036,5,194,178,128,0,0.0
-0.04423828125,-0.016699218749999998,0.0738331531458644,143,168,130,0.07383036,5,194,178,128,0,0.0
-0.04423828125,-0.014941406249999999,0.07383331784925086,201,234,197,0.07383036,5,194,178,128,0,0.0
-0.04423828125,-0.01435546875,0.07383632952093169,208,239,202,0.07383247,5,194,178,128,0,0.0
-0.04423828125,-0.01376953125,0.07383869103265249,175,206,171,0.07383247,5,194,178,128,0,0.0
-0.04423828125,-0.01318359375,0.07384368287314379,184,215,179,0.07383247,5,194,178,128,0,0.0
-0.04423828125,-0.012597656249999999,0.07385515741442088,200,232,195,0.07387231,5,194,178,128,0,0.0
-0.04423828125,-0.01201171875,0.07386934190944258,214,243,206,0.07387231,5,194,178,128,0,0.0
-0.04365234375,-0.01845703125,0.0738421590586332,147,174,135,0.0738382,18,161,153,128,0,0.0
-0.04365234375,-0.01787109375,0.07383906796890882,136,166,126,0.07383036,5,194,178,128,0,0.0
-0.04365234375,-0.01728515625,0.0738364577402026,126,156,121,0.07383036,5,194,178,128,0,0.0
-0.04365234375,-0.016699218749999998,0.07383415062209264,158,188,150,0.07383036,5,194,178,128,0,0.0
-0.04365234375,-0.014941406249999999,0.07383441656674854,212,241,198,0.07383036,5,194,178,128,0,0.0
-0.04365234375,-0.01435546875,0.07383706354246435,187,219,180,0.07383247,5,194,178,128,0,0.0
-0.04365234375,-0.01318359375,0.07384313223921966,208,240,204,0.07383247,5,194,178,128,0,0.0
-0.04365234375,-0.012597656249999999,0.0738547520122348,202,233,195,0.07383247,5,194,178,128,0,0.0
-0.04306640625,-0.01845703125,0.07384357638019938,139,165,129,0.0738382,18,161,153,128,0,0.0
-0.04306640625,-0.01787109375,0.07384061320711424,116,140,102,0.07383036,5,194,178,128,0,0.0
-0.04306640625,-0.016699218749999998,0.0738352666453411,117,143,113,0.07383036,5,194,178,128,0,0.0
-0.04306640625,-0.01611328125,0.0738340097686974,114,138,107,0.07383036,5,194,178,128,0,0.0
-0.04306640625,-0.015527343749999999,0.07383348209709752,144,169,134,0.07383036,5,194,178,128,0,0.0
-0.04306640625,-0.014941406249999999,0.07383506103617701,149,176,139,0.07383247,5,194,178,128,0,0.0
-0.04306640625,-0.01435546875,0.07383779860755867,177,207,168,0.07383247,5,194,178,128,0,0.0
-0.04306640625,-0.01376953125,0.07383930411194256,191,221,183,0.07383247,5,194,178,128,0,0.0
-0.04306640625,-0.01318359375,0.07384287202468479,186,216,178,0.07383247,5,194,178,128,0,0.0
-0.04306640625,-0.012597656249999999,0.07385386163018814,192,221,181,0.07383247,5,194,178,128,0,0.0
-0.04306640625,-0.01201171875,0.0738681750950574,172,201,159,0.07383247,5,194,178,128,0,0.0
-0.04248046875,-0.01845703125,0.07384648831617624,122,150,117,0.0738382,18,161,153,128,0,0.0
-0.04248046875,-0.01787109375,0.07384276148038886,161,190,152,0.07383036,5,194,178,128,0,0.0
-0.04248046875,-0.01728515625,0.07383970587506025,100,128,97,0.07383036,5,194,178,128,0,0.0
-0.04248046875,-0.016699218749999998,0.07383652395486803,150,177,145,0.07383036,5,194,178,128,0,0.0
-0.04248046875,-0.01611328125,0.07383482064556104,154,180,148,0.07383036,5,194,178,128,0,0.0
-0.04248046875,-0.015527343749999999,0.07383388490265175,156,183,149,0.07383036,5,194,178,128,0,0.0
-0.04248046875,-0.014941406249999999,0.07383609395108472,133,158,124,0.07383247,5,194,178,128,0,0.0
-0.04248046875,-0.01435546875,0.07383809397571335,151,176,141,0.07383247,5,194,178,128,0,0.0
-0.04248046875,-0.01318359375,0.07384258911318338,162,192,155,0.07383247,5,194,178,128,0,0.0
-0.04248046875,-0.012597656249999999,0.07385331469716742,176,203,165,0.07383247,5,194,178,128,0,0.0
-0.04248046875,-0.01201171875,0.07386718158981144,180,207,166,0.07386783,5,194,178,128,0,0.0
-0.04189453125,-0.01845703125,0.07384964887640158,118,151,120,0.0738382,18,161,153,128,0,0.0
-0.04189453125,-0.01728515625,0.07384203611981197,160,190,157,0.07383036,5,194,178,128,0,0.0
-0.04189453125,-0.016699218749999998,0.07383950087310596,89,116,85,0.07383036,5,194,178,128,0,0.0
-0.04189453125,-0.01611328125,0.073836864529051,119,145,115,0.07383036,5,194,178,128,0,0.0
-0.04189453125,-0.015527343749999999,0.07383480576964728,134,159,127,0.07383036,5,194,178,128,0,0.0
-0.04189453125,-0.014941406249999999,0.07383571428113613,124,150,117,0.07383247,5,194,178,128,0,0.0
-0.04189453125,-0.01435546875,0.07383780791056871,152,177,143,0.07383247,5,194,178,128,0,0.0
-0.04189453125,-0.01318359375,0.073841752034425,180,211,172,0.07383247,5,194,178,128,0,0.0
-0.04189453125,-0.012597656249999999,0.07385207910374629,163,195,156,0.07386783,5,194,178,128,0,0.0
-0.04130859375,-0.01787109375,0.07384957117772233,125,158,127,0.073851615,5,194,178,128,0,0.0
-0.04130859375,-0.01728515625,0.07384552282933392,139,174,140,0.07383438,18,161,153,128,0,0.0
-0.04130859375,-0.016699218749999998,0.07384265430981678,121,152,120,0.07383438,18,161,153,128,0,0.0
-0.04130859375,-0.015527343749999999,0.07383672479960411,145,172,141,0.07383438,18,161,153,128,0,0.0
-0.04130859375,-0.014941406249999999,0.0738370906067935,121,146,118,0.07383438,18,161,153,128,0,0.0
-0.04130859375,-0.01435546875,0.07383824118868079,96,121,89,0.07383739,18,161,153,128,0,0.0
-0.04130859375,-0.01376953125,0.07384032278314581,177,203,159,0.07383739,18,161,153,128,0,0.0
-0.04130859375,-0.01201171875,0.07386557567561348,167,194,151,0.07386783,5,194,178,128,0,0.0
-0.04072265625,-0.01845703125,0.07385711893366383,111,144,113,0.073851615,5,194,178,128,0,0.0
-0.04072265625,-0.01787109375,0.07385348805631355,116,149,118,0.073851615,5,194,178,128,0,0.0
-0.04072265625,-0.01728515625,0.07384914907100104,134,168,136,0.07383438,18,161,153,128,0,0.0
-0.04072265625,-0.016699218749999998,0.07384547455643134,154,184,153,0.07383438,18,161,153,128,0,0.0
-0.04072265625,-0.01611328125,0.07384310446547267,96,122,92,0.07383438,18,161,153,128,0,0.0
-0.04072265625,-0.014941406249999999,0.07383840831741048,110,135,107,0.07383438,18,161,153,128,0,0.0
-0.04072265625,-0.01435546875,0.07383885526085535,110,136,106,0.07383739,18,161,153,128,0,0.0
-0.04072265625,-0.01376953125,0.07384191560191619,139,161,124,0.07383739,18,161,153,128,0,0.0
-0.04072265625,-0.01318359375,0.07384422976545675,186,215,176,0.07383739,18,161,153,128,0,0.0
-0.04072265625,-0.012597656249999999,0.07385408887544297,176,206,170,0.07386783,5,194,178,128,0,0.0
-0.04072265625,-0.01201171875,0.07386727364011758,167,193,154,0.07386783,5,194,178,128,0,0.0
-0.04013671875,-0.01845703125,0.07386116437039568,82,114,87,0.073851615,5,194,178,128,0,0.0
-0.04013671875,-0.01787109375,0.07385771338379306,97,127,99,0.073851615,5,194,178,128,0,0.0
-0.04013671875,-0.01728515625,0.07385344342249191,101,131,100,0.07383438,18,161,153,128,0,0.0
-0.04013671875,-0.016699218749999998,0.07384922327379842,130,161,128,0.07383438,18,161,153,128,0,0.0
-0.04013671875,-0.01611328125,0.07384583449431895,109,134,106,0.07383438,18,161,153,128,0,0.0
-0.04013671875,-0.015527343749999999,0.07384107275007731,132,160,129,0.07383438,18,161,153,128,0,0.0
-0.04013671875,-0.014941406249999999,0.0738398165808748,124,151,119,0.07383438,18,161,153,128,0,0.0
-0.04013671875,-0.01435546875,0.07384005229045397,152,179,148,0.07383739,18,161,153,128,0,0.0
-0.04013671875,-0.01376953125,0.07384302532473394,122,145,113,0.07383739,18,161,153,128,0,0.0
-0.04013671875,-0.01318359375,0.07384675075660264,134,153,124,0.07383739,18,161,153,128,0,0.0
-0.04013671875,-0.012597656249999999,0.07385654933608264,152,171,134,0.07383739,18,161,153,128,0,0.0
-0.04013671875,-0.01201171875,0.07386875424563541,165,192,153,0.07386783,5,194,178,128,0,0.0
-0.03955078125,-0.01845703125,0.07386537171080744,99,127,102,0.073851615,5,194,178,128,0,0.0
-0.03955078125,-0.01787109375,0.07386200082747933,99,127,102,0.073851615,5,194,178,128,0,0.0
-0.03955078125,-0.01728515625,0.07385776764168647,108,138,111,0.07383438,18,161,153,128,0,0.0
-0.03955078125,-0.016699218749999998,0.07385331729086225,106,135,108,0.07383438,18,161,153,128,0,0.0
-0.03955078125,-0.01611328125,0.0738488676433994,125,150,123,0.07383438,18,161,153,128,0,0.0
-0.03955078125,-0.015527343749999999,0.07384391953051132,132,157,129,0.07383438,18,161,153,128,0,0.0
-0.03955078125,-0.014941406249999999,0.07384215934152327,141,167,130,0.07383438,18,161,153,128,0,0.0
-0.03955078125,-0.01435546875,0.07384120920798191,131,159,124,0.07383739,18,161,153,128,0,0.0
-0.03955078125,-0.01376953125,0.07384473445026432,124,141,110,0.07383739,18,161,153,128,0,0.0
-0.03955078125,-0.01318359375,0.07384871029886002,128,141,107,0.07383739,18,161,153,128,0,0.0
-0.03955078125,-0.012597656249999999,0.07385905936509937,119,127,90,0.07383739,18,161,153,128,0,0.0
-0.03955078125,-0.01201171875,0.07387087214329319,112,130,94,0.07386783,5,194,178,128,0,0.0
-0.03896484375,-0.01787109375,0.07386815544907607,90,116,91,0.073851615,5,194,178,128,0,0.0
-0.03896484375,-0.01728515625,0.0738638631696687,95,122,96,0.07383438,18,161,153,128,0,0.0
-0.03896484375,-0.016699218749999998,0.0738594229905369,100,128,99,0.07383438,18,161,153,128,0,0.0
-0.03896484375,-0.01611328125,0.07385487393849206,89,115,88,0.07383438,18,161,153,128,0,0.0
-0.03896484375,-0.015527343749999999,0.07384981382828461,101,124,97,0.07383438,18,161,153,128,0,0.0
-0.03896484375,-0.014941406249999999,0.07384824866522832,97,123,88,0.07383438,18,161,153,128,0,0.0
-0.03896484375,-0.01435546875,0.07384573684431733,146,174,132,0.07383739,18,161,153,128,0,0.0
-0.03896484375,-0.01318359375,0.07385326236592013,110,123,91,0.07383739,18,161,153,128,0,0.0
-0.03896484375,-0.012597656249999999,0.07386268337103613,108,118,82,0.07383739,18,161,153,128,0,0.0
-0.03896484375,-0.01201171875,0.07387590111205747,115,123,88,0.07384816,18,161,153,128,0,0.0
-0.03837890625,-0.01845703125,0.07387906758859425,83,109,86,0.07387023,5,194,178,128,0,0.0
-0.03837890625,-0.01787109375,0.07387610815292626,80,108,85,0.07385618,5,194,178,128,0,0.0
-0.03837890625,-0.01728515625,0.07387168966194575,88,112,90,0.07385618,5,194,178,128,0,0.0
-0.03837890625,-0.016699218749999998,0.07386731397409202,72,97,75,0.07385618,5,194,178,128,0,0.0
-0.03837890625,-0.01611328125,0.07386235728755335,93,119,92,0.07385618,5,194,178,128,0,0.0
-0.03837890625,-0.015527343749999999,0.07385714395747757,96,120,94,0.07383438,18,161,153,128,0,0.0
-0.03837890625,-0.014941406249999999,0.073855547835245,83,107,82,0.07384816,18,161,153,128,0,0.0
-0.03837890625,-0.01435546875,0.0738538746669539,134,159,124,0.07384816,18,161,153,128,0,0.0
-0.03837890625,-0.01376953125,0.07385490292534526,165,197,159,0.07384816,18,161,153,128,0,0.0
-0.03837890625,-0.01318359375,0.07385973446802489,136,159,127,0.07384816,18,161,153,128,0,0.0
-0.03837890625,-0.012597656249999999,0.07386866507013894,128,140,102,0.07384816,18,161,153,128,0,0.0
-0.03837890625,-0.01201171875,0.07388077720814973,121,130,91,0.07384816,18,161,153,128,0,0.0
-0.03779296875,-0.01845703125,0.07388566965250201,64,88,66,0.07387023,5,194,178,128,0,0.0
-0.03779296875,-0.01787109375,0.07388335477739438,62,86,64,0.07385618,5,194,178,128,0,0.0
-0.03779296875,-0.01728515625,0.07387923591064657,60,83,61,0.07385618,5,194,178,128,0,0.0
-0.03779296875,-0.016699218749999998,0.07387496963624211,71,93,72,0.07385618,5,194,178,128,0,0.0
-0.03779296875,-0.01611328125,0.07387018864376227,92,117,93,0.07385618,5,194,178,128,0,0.0
-0.03779296875,-0.015527343749999999,0.07386548724831513,93,117,91,0.07385618,5,194,178,128,0,0.0
-0.03779296875,-0.01376953125,0.07386230998791117,202,230,184,0.07384816,18,161,153,128,0,0.0
-0.03779296875,-0.01318359375,0.07386470037883205,174,203,166,0.07384816,18,161,153,128,0,0.0
-0.03779296875,-0.012597656249999999,0.07387448750222,139,156,119,0.07384816,18,161,153,128,0,0.0
-0.03779296875,-0.01201171875,0.07388568246870487,129,148,113,0.07384816,18,161,153,128,0,0.0
-0.06943359375,-0.03896484375,0.07387078808406,127,175,136,0.07384849,18,161,153,128,0,0.0
-0.06943359375,-0.03837890625,0.07385592107041296,137,190,149,0.07384849,18,161,153,128,0,0.0
-0.06943359375,-0.03779296875,0.07384597086758275,137,190,152,0.07382302,18,161,153,128,0,0.0
-0.06884765625,-0.03896484375,0.07386302260363514,136,184,149,0.07384849,18,161,153,128,0,0.0
-0.06533203125,-0.026660156249999997,0.07385329828995878,158,200,168,0.073851876,18,161,153,128,0,0.0
-0.06533203125,-0.026074218749999996,0.07385537542160078,147,192,156,0.073851876,18,161,153,128,0,0.0
-0.06533203125,-0.025488281249999998,0.07385752669176995,111,146,112,0.073851876,18,161,153,128,0,0.0
-0.06533203125,-0.024902343749999997,0.07385718181277444,132,167,126,0.073851876,18,161,153,128,0,0.0
-0.06533203125,-0.02431640625,0.0738556313395602,146,182,143,0.073851876,18,161,153,128,0,0.0
-0.06533203125,-0.023730468749999997,0.07385272727696385,132,170,135,0.07384451,18,161,153,128,0,0.0
-0.06533203125,-0.023144531249999996,0.07385156960559608,185,223,181,0.07384451,18,161,153,128,0,0.0
-0.06533203125,-0.022558593749999998,0.073851189347246,141,175,139,0.07384451,18,161,153,128,0,0.0
-0.06533203125,-0.021972656249999997,0.07384999490726561,173,208,172,0.07384451,18,161,153,128,0,0.0
-0.06533203125,-0.02138671875,0.07384776750555003,183,223,182,0.07384451,18,161,153,128,0,0.0
-0.06533203125,-0.020800781249999997,0.07384628297121189,195,231,188,0.07384451,18,161,153,128,0,0.0
-0.06533203125,-0.020214843749999996,0.07384555605091928,153,187,148,0.07383967,18,161,153,128,0,0.0
-0.06533203125,-0.019628906249999998,0.07384597853770716,177,211,170,0.07383967,18,161,153,128,0,0.0
-0.06533203125,-0.01904296875,0.07384375092824827,199,236,192,0.07383967,18,161,153,128,0,0.0
-0.06474609375,-0.026660156249999997,0.07385442219778718,146,186,150,0.073851876,18,161,153,128,0,0.0
-0.06474609375,-0.026074218749999996,0.07385611513868899,164,209,171,0.073851876,18,161,153,128,0,0.0
-0.06474609375,-0.025488281249999998,0.07385760111218137,128,167,132,0.073851876,18,161,153,128,0,0.0
-0.06474609375,-0.024902343749999997,0.07385760929730081,169,204,170,0.073851876,18,161,153,128,0,0.0
-0.06474609375,-0.02431640625,0.07385592279321795,159,195,155,0.073851876,18,161,153,128,0,0.0
-0.06474609375,-0.023730468749999997,0.07385267156787823,143,182,147,0.07384451,18,161,153,128,0,0.0
-0.06474609375,-0.023144531249999996,0.07385165961775284,166,209,169,0.07384451,18,161,153,128,0,0.0
-0.06474609375,-0.022558593749999998,0.07385112959530281,158,194,155,0.07384451,18,161,153,128,0,0.0
-0.06474609375,-0.021972656249999997,0.07384984417145381,169,207,167,0.07384451,18,161,153,128,0,0.0
-0.06474609375,-0.02138671875,0.07384798209571829,180,217,180,0.07384451,18,161,153,128,0,0.0
-0.06474609375,-0.020800781249999997,0.07384653393527807,197,230,187,0.07384451,18,161,153,128,0,0.0
-0.06474609375,-0.020214843749999996,0.07384585704994702,173,208,166,0.07383967,18,161,153,128,0,0.0
-0.06474609375,-0.019628906249999998,0.07384641511447831,182,221,179,0.07383967,18,161,153,128,0,0.0
-0.06474609375,-0.01904296875,0.0738438265320237,204,244,201,0.07383967,18,161,153,128,0,0.0
-0.06416015625,-0.026660156249999997,0.07385491462951407,152,189,149,0.073851876,18,161,153,128,0,0.0
-0.06416015625,-0.026074218749999996,0.07385660065179424,187,227,188,0.073851876,18,161,153,128,0,0.0
-0.06416015625,-0.025488281249999998,0.07385682599633177,148,186,150,0.073851876,18,161,153,128,0,0.0
-0.06416015625,-0.024902343749999997,0.07385680859975094,149,188,148,0.073851876,18,161,153,128,0,0.0
-0.06416015625,-0.02431640625,0.07385555031144557,152,190,150,0.073851876,18,161,153,128,0,0.0
-0.06416015625,-0.023730468749999997,0.07385233398065533,177,219,179,0.07384451,18,161,153,128,0,0.0
-0.06416015625,-0.023144531249999996,0.07385072437824836,168,213,173,0.07384451,18,161,153,128,0,0.0
-0.06416015625,-0.022558593749999998,0.0738501071592217,146,184,144,0.07384451,18,161,153,128,0,0.0
-0.06416015625,-0.021972656249999997,0.07384937348464038,148,184,145,0.07384451,18,161,153,128,0,0.0
-0.06416015625,-0.02138671875,0.07384733247987314,175,209,171,0.07384451,18,161,153,128,0,0.0
-0.06416015625,-0.020800781249999997,0.0738460341528742,168,197,156,0.07384451,18,161,153,128,0,0.0
-0.06416015625,-0.020214843749999996,0.0738453581749438,161,195,153,0.07383967,18,161,153,128,0,0.0
-0.06416015625,-0.019628906249999998,0.07384554728093408,156,193,150,0.07383967,18,161,153,128,0,0.0
-0.06416015625,-0.01904296875,0.0738438179147643,207,245,204,0.07383967,18,161,153,128,0,0.0
-0.06357421875000001,-0.026660156249999997,0.07385432658162842,153,188,154,0.073851876,18,161,153,128,0,0.0
-0.06357421875000001,-0.026074218749999996,0.07385556817595094,162,200,161,0.073851876,18,161,153,128,0,0.0
-0.06357421875000001,-0.025488281249999998,0.07385584139636035,175,216,176,0.073851876,18,161,153,128,0,0.0
-0.06357421875000001,-0.024902343749999997,0.07385551703804884,154,192,153,0.073851876,18,161,153,128,0,0.0
-0.06357421875000001,-0.02431640625,0.0738542496426049,165,205,166,0.073851876,18,161,153,128,0,0.0
-0.06357421875000001,-0.023730468749999997,0.07385098143360778,169,210,171,0.07384451,18,161,153,128,0,0.0
-0.06357421875000001,-0.023144531249999996,0.07384927457651917,193,235,196,0.07384451,18,161,153,128,0,0.0
-0.06357421875000001,-0.022558593749999998,0.07384833781042759,149,191,153,0.07384451,18,161,153,128,0,0.0
-0.06357421875000001,-0.021972656249999997,0.07384758394626,164,200,158,0.07384451,18,161,153,128,0,0.0
-0.06357421875000001,-0.02138671875,0.0738457309008389,178,211,172,0.07384451,18,161,153,128,0,0.0
-0.06357421875000001,-0.020800781249999997,0.07384426786776387,133,162,124,0.07384451,18,161,153,128,0,0.0
-0.06357421875000001,-0.020214843749999996,0.07384364916028913,155,191,151,0.07383967,18,161,153,128,0,0.0
-0.06357421875000001,-0.019628906249999998,0.07384316993568954,166,203,166,0.07383967,18,161,153,128,0,0.0
-0.06357421875000001,-0.01904296875,0.07384236347380525,193,233,193,0.07383967,18,161,153,128,0,0.0
-0.06298828125,-0.026660156249999997,0.07385235806713095,136,176,139,0.07384751,18,161,153,128,0,0.0
-0.06298828125,-0.026074218749999996,0.07385435130285845,141,179,146,0.07384751,18,161,153,128,0,0.0
-0.06298828125,-0.025488281249999998,0.07385472766868964,151,195,153,0.07384751,18,161,153,128,0,0.0
-0.06298828125,-0.024902343749999997,0.07385446896924966,141,176,141,0.073851876,18,161,153,128,0,0.0
-0.06298828125,-0.02431640625,0.07385277190464785,158,195,156,0.073851876,18,161,153,128,0,0.0
-0.06298828125,-0.023730468749999997,0.07384922572067182,170,208,170,0.07384451,18,161,153,128,0,0.0
-0.06298828125,-0.023144531249999996,0.07384830220751025,169,208,169,0.07384451,18,161,153,128,0,0.0
-0.06298828125,-0.022558593749999998,0.0738469227323179,167,208,169,0.073842056,18,161,153,128,0,0.0
-0.06298828125,-0.021972656249999997,0.07384632862009585,142,172,134,0.073842056,18,161,153,128,0,0.0
-0.06298828125,-0.02138671875,0.07384447059286228,126,154,116,0.073842056,18,161,153,128,0,0.0
-0.06298828125,-0.020800781249999997,0.0738432501977556,120,148,116,0.073842056,18,161,153,128,0,0.0
-0.06298828125,-0.020214843749999996,0.0738423850950025,142,178,137,0.07383315,18,161,153,128,0,0.0
-0.06298828125,-0.019628906249999998,0.07384113039027006,184,226,186,0.07383967,18,161,153,128,0,0.0
-0.06298828125,-0.01904296875,0.07384080923218937,181,219,180,0.07383967,18,161,153,128,0,0.0
-0.062402343750000006,-0.026660156249999997,0.0738513046687042,163,206,169,0.07384751,18,161,153,128,0,0.0
-0.062402343750000006,-0.026074218749999996,0.07385278227822183,156,198,162,0.07384751,18,161,153,128,0,0.0
-0.062402343750000006,-0.025488281249999998,0.07385341636596417,177,218,183,0.07384751,18,161,153,128,0,0.0
-0.062402343750000006,-0.024902343749999997,0.07385339966899136,136,173,141,0.07384751,18,161,153,128,0,0.0
-0.062402343750000006,-0.02431640625,0.07385118958420164,134,173,140,0.07384751,18,161,153,128,0,0.0
-0.062402343750000006,-0.023730468749999997,0.07384745972189503,169,208,172,0.073842056,18,161,153,128,0,0.0
-0.062402343750000006,-0.023144531249999996,0.07384747002613946,174,212,174,0.073842056,18,161,153,128,0,0.0
-0.062402343750000006,-0.022558593749999998,0.07384589338583836,174,208,171,0.073842056,18,161,153,128,0,0.0
-0.062402343750000006,-0.021972656249999997,0.07384514168809321,113,145,115,0.073842056,18,161,153,128,0,0.0
-0.062402343750000006,-0.02138671875,0.0738439942622077,158,188,159,0.073842056,18,161,153,128,0,0.0
-0.062402343750000006,-0.020800781249999997,0.07384206831846236,118,148,117,0.073842056,18,161,153,128,0,0.0
-0.062402343750000006,-0.020214843749999996,0.07384149861707075,179,214,172,0.07383315,18,161,153,128,0,0.0
-0.062402343750000006,-0.019628906249999998,0.07384016790227459,196,234,190,0.07383315,18,161,153,128,0,0.0
-0.062402343750000006,-0.01904296875,0.07383904315805771,165,202,162,0.07383315,18,161,153,128,0,0.0
-0.061816406250000004,-0.026660156249999997,0.07385096775443253,179,222,183,0.07384751,18,161,153,128,0,0.0
-0.061816406250000004,-0.026074218749999996,0.07385188854438969,171,217,182,0.07384751,18,161,153,128,0,0.0
-0.061816406250000004,-0.025488281249999998,0.07385246426287485,163,203,168,0.07384751,18,161,153,128,0,0.0
-0.061816406250000004,-0.024902343749999997,0.07385264247526933,154,194,160,0.07384751,18,161,153,128,0,0.0
-0.061816406250000004,-0.02431640625,0.07385047942724052,168,212,176,0.07384751,18,161,153,128,0,0.0
-0.061816406250000004,-0.023730468749999997,0.07384674138200367,182,226,189,0.073842056,18,161,153,128,0,0.0
-0.061816406250000004,-0.023144531249999996,0.07384703385555073,162,202,166,0.073842056,18,161,153,128,0,0.0
-0.061816406250000004,-0.022558593749999998,0.07384589731859018,130,166,127,0.073842056,18,161,153,128,0,0.0
-0.061816406250000004,-0.021972656249999997,0.07384431912965668,155,190,157,0.073842056,18,161,153,128,0,0.0
-0.061816406250000004,-0.02138671875,0.0738429925692693,111,143,117,0.073842056,18,161,153,128,0,0.0
-0.061816406250000004,-0.020800781249999997,0.07384176686078554,115,144,110,0.073842056,18,161,153,128,0,0.0
-0.061816406250000004,-0.020214843749999996,0.07384062363766901,170,203,159,0.07383315,18,161,153,128,0,0.0
-0.061816406250000004,-0.019628906249999998,0.07383937315257387,149,184,141,0.07383315,18,161,153,128,0,0.0
-0.061816406250000004,-0.01904296875,0.07383795649859325,176,214,172,0.07383315,18,161,153,128,0,0.0
-0.06123046875,-0.026660156249999997,0.0738499652744547,173,215,180,0.07384751,18,161,153,128,0,0.0
-0.06123046875,-0.026074218749999996,0.07385068511212071,177,222,184,0.07384751,18,161,153,128,0,0.0
-0.06123046875,-0.025488281249999998,0.07385181484832377,168,210,175,0.07384751,18,161,153,128,0,0.0
-0.06123046875,-0.024902343749999997,0.07385237401905516,138,180,144,0.07384751,18,161,153,128,0,0.0
-0.06123046875,-0.02431640625,0.07384975740848912,186,231,193,0.07384751,18,161,153,128,0,0.0
-0.06123046875,-0.023730468749999997,0.07384602956670056,165,209,173,0.073842056,18,161,153,128,0,0.0
-0.06123046875,-0.023144531249999996,0.07384642802351774,164,199,161,0.073842056,18,161,153,128,0,0.0
-0.06123046875,-0.022558593749999998,0.07384603169253494,149,185,149,0.073842056,18,161,153,128,0,0.0
-0.06123046875,-0.021972656249999997,0.07384393700161732,178,215,173,0.073842056,18,161,153,128,0,0.0
-0.06123046875,-0.02138671875,0.07384263175310407,147,185,151,0.073842056,18,161,153,128,0,0.0
-0.06123046875,-0.020800781249999997,0.07384145187534381,129,162,130,0.07383315,18,161,153,128,0,0.0
-0.06123046875,-0.020214843749999996,0.07384026484144388,165,196,155,0.07383315,18,161,153,128,0,0.0
-0.06123046875,-0.019628906249999998,0.07383869211786394,182,214,175,0.07383315,18,161,153,128,0,0.0
-0.06123046875,-0.01904296875,0.07383706292104349,158,194,150,0.07383315,18,161,153,128,0,0.0
-0.06064453125,-0.026660156249999997,0.07384912133798145,179,222,181,0.07384751,18,161,153,128,0,0.0
-0.06064453125,-0.026074218749999996,0.07384948283695471,177,220,181,0.07384751,18,161,153,128,0,0.0
-0.06064453125,-0.025488281249999998,0.07385059800134691,141,182,143,0.07384751,18,161,153,128,0,0.0
-0.06064453125,-0.024902343749999997,0.07385114690165749,163,201,165,0.07384751,18,161,153,128,0,0.0
-0.06064453125,-0.02431640625,0.07384944782055268,163,206,166,0.07384751,18,161,153,128,0,0.0
-0.06064453125,-0.023730468749999997,0.0738455374934034,169,211,174,0.07383707,18,161,153,128,0,0.0
-0.06064453125,-0.023144531249999996,0.07384581229290478,160,196,162,0.073842056,18,161,153,128,0,0.0
-0.06064453125,-0.022558593749999998,0.07384573005733319,148,185,148,0.073842056,18,161,153,128,0,0.0
-0.06064453125,-0.021972656249999997,0.07384371876783012,180,217,176,0.073842056,18,161,153,128,0,0.0
-0.06064453125,-0.02138671875,0.07384285581033455,149,181,145,0.073842056,18,161,153,128,0,0.0
-0.06064453125,-0.020800781249999997,0.07384166437551168,122,154,118,0.07383315,18,161,153,128,0,0.0
-0.06064453125,-0.020214843749999996,0.07384051487585093,133,164,129,0.07383315,18,161,153,128,0,0.0
-0.06064453125,-0.019628906249999998,0.07383832844105401,156,193,152,0.07383315,18,161,153,128,0,0.0
-0.06064453125,-0.01904296875,0.07383682414677306,182,221,183,0.07383315,18,161,153,128,0,0.0
-0.06005859375,-0.026660156249999997,0.07384836940952053,127,160,124,0.07384751,18,161,153,128,0,0.0
-0.06005859375,-0.026074218749999996,0.07384863093671866,162,203,165,0.07384751,18,161,153,128,0,0.0
-0.06005859375,-0.025488281249999998,0.07384930201405328,177,219,181,0.07384751,18,161,153,128,0,0.0
-0.06005859375,-0.024902343749999997,0.0738501061075018,138,173,138,0.07383233,18,161,153,128,0,0.0
-0.06005859375,-0.02431640625,0.07384892499875119,176,213,177,0.07383707,18,161,153,128,0,0.0
-0.06005859375,-0.023730468749999997,0.07384517060628079,183,222,185,0.07383707,18,161,153,128,0,0.0
-0.06005859375,-0.023144531249999996,0.07384568585709765,163,201,160,0.07383707,18,161,153,128,0,0.0
-0.06005859375,-0.022558593749999998,0.07384562346335691,184,222,183,0.07383707,18,161,153,128,0,0.0
-0.06005859375,-0.021972656249999997,0.07384392873036606,167,208,166,0.07383707,18,161,153,128,0,0.0
-0.06005859375,-0.02138671875,0.07384307664715392,135,169,137,0.07383707,18,161,153,128,0,0.0
-0.06005859375,-0.020800781249999997,0.07384225448129943,115,147,115,0.07383315,18,161,153,128,0,0.0
-0.06005859375,-0.020214843749999996,0.07384056427199488,145,177,141,0.07383315,18,161,153,128,0,0.0
-0.06005859375,-0.019628906249999998,0.07383861344271961,182,217,177,0.07383315,18,161,153,128,0,0.0
-0.06005859375,-0.01904296875,0.07383629113015282,178,219,181,0.07383315,18,161,153,128,0,0.0
-0.059472656250000006,-0.026660156249999997,0.07384723069086006,106,140,108,0.07383233,18,161,153,128,0,0.0
-0.059472656250000006,-0.026074218749999996,0.07384821547943783,165,203,162,0.07383233,18,161,153,128,0,0.0
-0.059472656250000006,-0.025488281249999998,0.07384818196654955,166,207,167,0.07383233,18,161,153,128,0,0.0
-0.059472656250000006,-0.024902343749999997,0.07384862041023797,162,202,165,0.07383233,18,161,153,128,0,0.0
-0.059472656250000006,-0.02431640625,0.07384803702872449,120,156,121,0.07383707,18,161,153,128,0,0.0
-0.059472656250000006,-0.023730468749999997,0.07384503617439243,157,197,159,0.07383707,18,161,153,128,0,0.0
-0.059472656250000006,-0.023144531249999996,0.07384565989607589,184,217,179,0.07383707,18,161,153,128,0,0.0
-0.059472656250000006,-0.022558593749999998,0.07384562291673863,141,174,136,0.07383707,18,161,153,128,0,0.0
-0.059472656250000006,-0.021972656249999997,0.07384433804459209,161,199,160,0.07383707,18,161,153,128,0,0.0
-0.059472656250000006,-0.02138671875,0.0738434151188419,156,188,158,0.07383707,18,161,153,128,0,0.0
-0.059472656250000006,-0.020800781249999997,0.07384212621193395,115,148,117,0.07383315,18,161,153,128,0,0.0
-0.059472656250000006,-0.020214843749999996,0.07383995567539901,160,196,161,0.07382653,18,161,153,128,0,0.0
-0.059472656250000006,-0.019628906249999998,0.07383796845487801,187,223,183,0.07382653,18,161,153,128,0,0.0
-0.059472656250000006,-0.01904296875,0.07383539295468236,195,233,190,0.07382653,18,161,153,128,0,0.0
-0.058886718750000004,-0.026660156249999997,0.07384564267469425,123,158,125,0.07383233,18,161,153,128,0,0.0
-0.058886718750000004,-0.026074218749999996,0.07384716599527373,122,159,127,0.07383233,18,161,153,128,0,0.0
-0.058886718750000004,-0.025488281249999998,0.07384645997243092,139,180,143,0.07383233,18,161,153,128,0,0.0
-0.058886718750000004,-0.024902343749999997,0.07384644446042667,134,174,137,0.07383233,18,161,153,128,0,0.0
-0.058886718750000004,-0.02431640625,0.07384655834644709,129,162,126,0.07383707,18,161,153,128,0,0.0
-0.058886718750000004,-0.023730468749999997,0.07384383656928104,159,194,155,0.07383707,18,161,153,128,0,0.0
-0.058886718750000004,-0.023144531249999996,0.07384462322201697,154,189,149,0.07383707,18,161,153,128,0,0.0
-0.058886718750000004,-0.022558593749999998,0.07384497390590178,146,179,143,0.07383707,18,161,153,128,0,0.0
-0.058886718750000004,-0.021972656249999997,0.07384400583190902,145,180,142,0.07383707,18,161,153,128,0,0.0
-0.058886718750000004,-0.02138671875,0.07384306119712715,135,170,139,0.07383707,18,161,153,128,0,0.0
-0.058886718750000004,-0.020800781249999997,0.07384165667548238,136,169,137,0.07382653,18,161,153,128,0,0.0
-0.058886718750000004,-0.020214843749999996,0.07383969322765523,159,202,160,0.07382653,18,161,153,128,0,0.0
-0.058886718750000004,-0.019628906249999998,0.07383675857882,186,224,184,0.07382653,18,161,153,128,0,0.0
-0.058886718750000004,-0.01904296875,0.07383501310359081,182,216,174,0.07382653,18,161,153,128,0,0.0
-0.05830078125,-0.026660156249999997,0.07384222337912723,130,165,130,0.07383233,18,161,153,128,0,0.0
-0.05830078125,-0.026074218749999996,0.07384393046207827,117,152,124,0.07383233,18,161,153,128,0,0.0
-0.05830078125,-0.025488281249999998,0.07384352917050727,137,177,143,0.07383233,18,161,153,128,0,0.0
-0.05830078125,-0.024902343749999997,0.07384342985988342,181,222,184,0.07383233,18,161,153,128,0,0.0
-0.05830078125,-0.02431640625,0.07384334000385015,150,186,148,0.07383233,18,161,153,128,0,0.0
-0.05830078125,-0.023730468749999997,0.07384150620749058,163,201,167,0.07383707,18,161,153,128,0,0.0
-0.05830078125,-0.023144531249999996,0.07384251971962173,145,175,138,0.07383707,18,161,153,128,0,0.0
-0.05830078125,-0.022558593749999998,0.07384344344201615,174,203,162,0.07383707,18,161,153,128,0,0.0
-0.05830078125,-0.021972656249999997,0.07384277110724768,130,164,126,0.07383707,18,161,153,128,0,0.0
-0.05830078125,-0.02138671875,0.07384131831683642,156,193,157,0.07383707,18,161,153,128,0,0.0
-0.05830078125,-0.020800781249999997,0.07384005799722512,150,184,151,0.07382653,18,161,153,128,0,0.0
-0.05830078125,-0.020214843749999996,0.07383885113706584,178,215,171,0.07382653,18,161,153,128,0,0.0
-0.05830078125,-0.019628906249999998,0.07383596228256516,187,227,181,0.07382653,18,161,153,128,0,0.0
-0.05830078125,-0.01904296875,0.07383352724691815,184,219,176,0.07382653,18,161,153,128,0,0.0
-0.05771484375,-0.026660156249999997,0.0738371547775785,145,180,145,0.07383233,18,161,153,128,0,0.0
-0.05771484375,-0.026074218749999996,0.0738395813535997,109,145,115,0.07383233,18,161,153,128,0,0.0
-0.05771484375,-0.025488281249999998,0.0738389782672868,131,171,136,0.07383233,18,161,153,128,0,0.0
-0.05771484375,-0.024902343749999997,0.07383961224941016,147,184,142,0.07383233,18,161,153,128,0,0.0
-0.05771484375,-0.02431640625,0.07383992385594462,147,185,146,0.07383233,18,161,153,128,0,0.0
-0.05771484375,-0.023730468749999997,0.07383812343286564,196,231,193,0.07383707,18,161,153,128,0,0.0
-0.05771484375,-0.023144531249999996,0.07384043294583188,158,192,157,0.07383707,18,161,153,128,0,0.0
-0.05771484375,-0.022558593749999998,0.07384210140542233,116,147,111,0.07383707,18,161,153,128,0,0.0
-0.05771484375,-0.021972656249999997,0.07384155949189668,118,151,114,0.07383707,18,161,153,128,0,0.0
-0.05771484375,-0.02138671875,0.07383946741684819,196,235,197,0.07383707,18,161,153,128,0,0.0
-0.05771484375,-0.020800781249999997,0.0738379524216223,130,165,130,0.07382653,18,161,153,128,0,0.0
-0.05771484375,-0.020214843749999996,0.07383742723472604,187,221,180,0.07382653,18,161,153,128,0,0.0
-0.05771484375,-0.019628906249999998,0.07383457796038244,197,237,192,0.07382653,18,161,153,128,0,0.0
-0.05771484375,-0.01904296875,0.07383100443958858,190,228,183,0.07382653,18,161,153,128,0,0.0
-0.05712890625,-0.026660156249999997,0.07383110429485994,143,179,138,0.07383233,18,161,153,128,0,0.0
-0.05712890625,-0.026074218749999996,0.07383410592897638,126,164,131,0.07383233,18,161,153,128,0,0.0
-0.05712890625,-0.025488281249999998,0.07383401380145799,131,171,135,0.07383233,18,161,153,128,0,0.0
-0.05712890625,-0.024902343749999997,0.07383562882348654,160,195,156,0.07383233,18,161,153,128,0,0.0
-0.05712890625,-0.02431640625,0.07383648652862553,150,184,144,0.07383233,18,161,153,128,0,0.0
-0.05712890625,-0.023730468749999997,0.07383581720713905,172,204,160,0.07383707,18,161,153,128,0,0.0
-0.05712890625,-0.023144531249999996,0.0738390257180669,163,196,158,0.07383707,18,161,153,128,0,0.0
-0.05712890625,-0.022558593749999998,0.0738408377369503,120,151,117,0.07383707,18,161,153,128,0,0.0
-0.05712890625,-0.021972656249999997,0.07384117538103845,149,180,140,0.07383707,18,161,153,128,0,0.0
-0.05712890625,-0.02138671875,0.0738387254250618,201,238,190,0.07383707,18,161,153,128,0,0.0
-0.05712890625,-0.020800781249999997,0.07383729922547641,181,220,179,0.073819384,5,194,178,128,0,0.0
-0.05712890625,-0.020214843749999996,0.07383571681071434,168,206,162,0.073819384,5,194,178,128,0,0.0
-0.05712890625,-0.019628906249999998,0.07383342063565741,163,201,159,0.073819384,5,194,178,128,0,0.0
-0.05712890625,-0.01904296875,0.07382888909696572,153,192,150,0.073819384,5,194,178,128,0,0.0
-0.056542968750000006,-0.026660156249999997,0.07382532792683316,139,174,138,0.0738056,18,161,153,128,0,0.0
-0.056542968750000006,-0.026074218749999996,0.07382828437293497,143,183,147,0.0738056,18,161,153,128,0,0.0
-0.056542968750000006,-0.025488281249999998,0.07382949605066451,163,206,168,0.0738056,18,161,153,128,0,0.0
-0.056542968750000006,-0.024902343749999997,0.07383160676853451,160,197,161,0.0738056,18,161,153,128,0,0.0
-0.056542968750000006,-0.02431640625,0.07383385084874444,131,167,128,0.0738056,18,161,153,128,0,0.0
-0.056542968750000006,-0.023730468749999997,0.07383420717303146,152,183,147,0.0738297,18,161,153,128,0,0.0
-0.056542968750000006,-0.023144531249999996,0.07383788141603022,151,183,146,0.0738297,18,161,153,128,0,0.0
-0.056542968750000006,-0.022558593749999998,0.07383966046198309,144,174,143,0.0738297,18,161,153,128,0,0.0
-0.056542968750000006,-0.021972656249999997,0.07384019914227757,178,210,170,0.0738297,18,161,153,128,0,0.0
-0.056542968750000006,-0.02138671875,0.07383887508229789,166,201,157,0.0738297,18,161,153,128,0,0.0
-0.056542968750000006,-0.020800781249999997,0.07383716925263283,166,201,157,0.073819384,5,194,178,128,0,0.0
-0.056542968750000006,-0.020214843749999996,0.07383495911687168,153,190,146,0.073819384,5,194,178,128,0,0.0
-0.056542968750000006,-0.019628906249999998,0.07383214896968955,180,218,177,0.073819384,5,194,178,128,0,0.0
-0.056542968750000006,-0.01904296875,0.07382835326870706,200,237,196,0.073819384,5,194,178,128,0,0.0
-0.025488281249999998,-0.03720703125,0.07385195818178934,93,82,51,0.07384974,34,255,111,194,0,0.0
-0.024902343749999997,-0.03720703125,0.07385633908536363,116,118,86,0.07384974,34,255,111,194,0,0.0
-0.024902343749999997,-0.03662109375,0.07385683047264205,73,73,49,0.07384974,34,255,111,194,0,0.0
-0.024902343749999997,-0.03603515625,0.0738574724790666,87,84,61,0.07384974,34,255,111,194,0,0.0
-0.024902343749999997,-0.03544921875,0.0738567777651601,57,58,40,0.07385092,34,255,111,194,0,0.0
-0.024902343749999997,-0.034863281249999996,0.07385533217315479,57,59,45,0.07385092,34,255,111,194,0,0.0
-0.024902343749999997,-0.03427734375,0.07385400569890295,53,55,41,0.07385092,34,255,111,194,0,0.0
-0.024902343749999997,-0.03369140625,0.07385252991139586,66,68,52,0.07385092,34,255,111,194,0,0.0
-0.024902343749999997,-0.03310546875,0.07385157610455206,67,67,43,0.07385092,34,255,111,194,0,0.0
-0.024902343749999997,-0.03251953125,0.07385047247815066,86,85,64,0.07385092,34,255,111,194,0,0.0
-0.024902343749999997,-0.031933593749999996,0.07384918764102597,73,85,63,0.0738446,6,224,118,119,0,0.0
-0.024902343749999997,-0.03134765625,0.0738482284417362,119,117,82,0.0738446,6,224,118,119,0,0.0
-0.024902343749999997,-0.03076171875,0.0738476662390721,66,65,46,0.0738446,6,224,118,119,0,0.0
-0.024902343749999997,-0.03017578125,0.0738466025405218,94,85,59,0.0738446,6,224,118,119,0,0.0
-0.024902343749999997,-0.029589843749999997,0.0738481051957882,70,66,46,0.073845,17,236,150,21,0,0.0
-0.024902343749999997,-0.02900390625,0.07385004890033814,57,52,38,0.073845,17,236,150,21,0,0.0
-0.024902343749999997,-0.02841796875,0.07385436245858648,43,45,32,0.073845,17,236,150,21,0,0.0
-0.02431640625,-0.03720703125,0.07386927182617739,60,59,46,0.07388107,25,236,128,255,0,0.0
-0.02431640625,-0.03662109375,0.0738686767295011,59,59,42,0.07388107,25,236,128,255,0,0.0
-0.02431640625,-0.03603515625,0.07386820489535359,94,91,64,0.07388107,25,236,128,255,0,0.0
-0.02431640625,-0.03544921875,0.07386752820197987,62,60,44,0.07387153,34,255,111,194,0,0.0
-0.02431640625,-0.034863281249999996,0.07386610075135464,68,66,48,0.07387153,34,255,111,194,0,0.0
-0.02431640625,-0.03427734375,0.073864791990948,58,58,42,0.07387153,34,255,111,194,0,0.0
-0.02431640625,-0.03369140625,0.07386318182301475,59,60,46,0.07387153,34,255,111,194,0,0.0
-0.02431640625,-0.03310546875,0.0738621005158513,108,107,65,0.07387153,34,255,111,194,0,0.0
-0.02431640625,-0.03251953125,0.07386085575548144,98,86,55,0.0738446,6,224,118,119,0,0.0
-0.02431640625,-0.031933593749999996,0.07385946941869997,52,55,41,0.0738446,6,224,118,119,0,0.0
-0.02431640625,-0.03134765625,0.0738584935857806,57,57,38,0.0738446,6,224,118,119,0,0.0
-0.02431640625,-0.03076171875,0.07385799527746022,80,76,49,0.0738446,6,224,118,119,0,0.0
-0.02431640625,-0.03017578125,0.07385704748528554,74,70,50,0.0738446,6,224,118,119,0,0.0
-0.02431640625,-0.029589843749999997,0.07385838955908376,58,56,40,0.073845,17,236,150,21,0,0.0
-0.02431640625,-0.02900390625,0.07386005086016607,96,88,66,0.073845,17,236,150,21,0,0.0
-0.02431640625,-0.02841796875,0.073863771736571,56,54,40,0.073845,17,236,150,21,0,0.0
-0.023730468749999997,-0.03720703125,0.07390576328796489,76,70,49,0.07388107,25,236,128,255,0,0.0
-0.023730468749999997,-0.03662109375,0.07390422132431948,63,62,46,0.07388107,25,236,128,255,0,0.0
-0.023730468749999997,-0.03603515625,0.07390226483940558,51,52,42,0.07388107,25,236,128,255,0,0.0
-0.023730468749999997,-0.03544921875,0.0739020127301603,89,83,56,0.07387153,34,255,111,194,0,0.0
-0.023730468749999997,-0.034863281249999996,0.07389887593105274,71,70,51,0.07387153,34,255,111,194,0,0.0
-0.023730468749999997,-0.03427734375,0.07389940252248646,66,68,49,0.07387153,34,255,111,194,0,0.0
-0.023730468749999997,-0.03369140625,0.07389446412092004,55,56,40,0.07387153,34,255,111,194,0,0.0
-0.023730468749999997,-0.03310546875,0.07389474640001285,55,63,53,0.07387153,34,255,111,194,0,0.0
-0.023730468749999997,-0.03251953125,0.07389135399521694,115,104,58,0.07387153,34,255,111,194,0,0.0
-0.023730468749999997,-0.031933593749999996,0.07389329456168149,73,69,49,0.07391914,6,224,118,119,0,0.0
-0.023730468749999997,-0.03134765625,0.07389525711180112,148,141,98,0.07391914,6,224,118,119,0,0.0
-0.023730468749999997,-0.03076171875,0.07389068193367006,115,97,63,0.07391914,6,224,118,119,0,0.0
-0.023730468749999997,-0.03017578125,0.07388856989566575,71,59,40,0.07391914,6,224,118,119,0,0.0
-0.023730468749999997,-0.029589843749999997,0.07389181469336327,118,114,83,0.07387081,17,236,150,21,0,0.0
-0.023730468749999997,-0.02900390625,0.0738918072786501,150,146,110,0.07387081,17,236,150,21,0,0.0
-0.023730468749999997,-0.02841796875,0.07389282570991298,51,49,35,0.07387081,17,236,150,21,0,0.0
-0.055371093749999996,-0.03896484375,0.07382776942020496,134,195,158,0.07383891,18,161,153,128,0,0.0
-0.055371093749999996,-0.03837890625,0.07380243164461976,115,172,136,0.07377232,18,161,153,128,0,0.0
-0.055371093749999996,-0.03779296875,0.07378228941435595,136,194,153,0.07377232,18,161,153,128,0,0.0
-0.054785156249999994,-0.03896484375,0.07382471330098084,109,168,129,0.07377232,18,161,153,128,0,0.0
-0.054785156249999994,-0.03837890625,0.07379868904055319,103,159,124,0.07377232,18,161,153,128,0,0.0
-0.054785156249999994,-0.03779296875,0.07377719065972196,135,190,151,0.07377232,18,161,153,128,0,0.0
-0.05419921874999999,-0.03896484375,0.07382334011634528,138,198,158,0.07377232,18,161,153,128,0,0.0
-0.05419921874999999,-0.03837890625,0.0737968438191165,123,177,141,0.07377232,18,161,153,128,0,0.0
-0.05419921874999999,-0.03779296875,0.07377498668018949,121,175,139,0.07377232,18,161,153,128,0,0.0
-0.05361328124999999,-0.03896484375,0.07382599056204714,121,177,139,0.07376745,18,161,153,128,0,0.0
-0.05361328124999999,-0.03837890625,0.07379880923452761,122,174,136,0.07376745,18,161,153,128,0,0.0
-0.05361328124999999,-0.03779296875,0.07377656724586391,122,170,135,0.07376745,18,161,153,128,0,0.0
-0.05302734375,-0.03896484375,0.07383064008008393,102,145,116,0.07376745,18,161,153,128,0,0.0
-0.05302734375,-0.03837890625,0.07380376829436616,84,125,97,0.07376745,18,161,153,128,0,0.0
-0.05302734375,-0.03779296875,0.07378145517578028,131,177,143,0.07376745,18,161,153,128,0,0.0
-0.052441406249999996,-0.03896484375,0.07383532311181301,107,142,114,0.07383855,12,125,125,125,0,0.0
-0.052441406249999996,-0.03837890625,0.07380888184195623,83,120,96,0.07376745,18,161,153,128,0,0.0
-0.052441406249999996,-0.03779296875,0.07378809664405586,86,126,102,0.07376745,18,161,153,128,0,0.0
-0.051855468749999994,-0.03896484375,0.07383730451083022,115,149,117,0.07383855,12,125,125,125,0,0.0
-0.051855468749999994,-0.03837890625,0.07381175879499702,110,144,118,0.07383855,12,125,125,125,0,0.0
-0.051855468749999994,-0.03779296875,0.07379188593682481,82,118,93,0.07376745,18,161,153,128,0,0.0
-0.05126953124999999,-0.03896484375,0.07383868694097848,134,168,135,0.07383855,12,125,125,125,0,0.0
-0.05126953124999999,-0.03837890625,0.07381388845871988,103,135,108,0.07383855,12,125,125,125,0,0.0
-0.05126953124999999,-0.03779296875,0.0737951611885447,93,124,101,0.07383855,12,125,125,125,0,0.0
-0.05068359374999999,-0.03896484375,0.07384021554770012,75,105,84,0.07383855,12,125,125,125,0,0.0
-0.05068359374999999,-0.03837890625,0.0738162970595225,74,104,82,0.07383855,12,125,125,125,0,0.0
-0.05068359374999999,-0.03779296875,0.0737990546562498,72,103,82,0.07383855,12,125,125,125,0,0.0
-0.05009765625,-0.03896484375,0.07384291833650292,53,83,66,0.07379511,10,125,163,125,0,0.0
-0.05009765625,-0.03837890625,0.07381948499149213,58,86,71,0.07379511,10,125,163,125,0,0.0
-0.05009765625,-0.03779296875,0.07380348274093966,74,103,85,0.07379511,10,125,163,125,0,0.0
-0.049511718749999996,-0.03896484375,0.07384451803179772,50,78,64,0.07379511,10,125,163,125,0,0.0
-0.049511718749999996,-0.03837890625,0.07382204078876986,50,79,64,0.07379511,10,125,163,125,0,0.0
-0.049511718749999996,-0.03779296875,0.07380733096028423,58,86,71,0.07379511,10,125,163,125,0,0.0
-0.048925781249999994,-0.03896484375,0.07384485386077037,49,76,63,0.07384664,14,31,31,31,0,0.0
-0.048925781249999994,-0.03837890625,0.0738228855809159,50,77,65,0.07379511,10,125,163,125,0,0.0
-0.048925781249999994,-0.03779296875,0.07380925475166902,60,88,74,0.07379511,10,125,163,125,0,0.0
-0.04833984374999999,-0.03896484375,0.0738448390061546,50,73,63,0.07384664,14,31,31,31,0,0.0
-0.04833984374999999,-0.03837890625,0.07382311949356024,50,74,63,0.07379511,10,125,163,125,0,0.0
-0.04833984374999999,-0.03779296875,0.07381020634386672,50,77,64,0.07379511,10,125,163,125,0,0.0
-0.04775390624999999,-0.03896484375,0.07384535060857449,43,66,57,0.07384664,14,31,31,31,0,0.0
-0.04775390624999999,-0.03837890625,0.07382366174856662,45,67,57,0.07384664,14,31,31,31,0,0.0
-0.04775390624999999,-0.03779296875,0.07381116385533959,46,71,59,0.07379511,10,125,163,125,0,0.0
-0.04716796875,-0.03896484375,0.07384640148065891,39,61,53,0.07384465,14,31,31,31,0,0.0
-0.04716796875,-0.03837890625,0.07382473390859114,44,66,57,0.07384465,14,31,31,31,0,0.0
-0.04716796875,-0.03779296875,0.07381239641829491,47,70,59,0.07380935,14,31,31,31,0,0.0
-0.05595703125,-0.01845703125,0.07382438527993376,187,224,184,0.073819384,5,194,178,128,0,0.0
-0.05595703125,-0.01787109375,0.0738212463707036,180,216,176,0.073819384,5,194,178,128,0,0.0
-0.05595703125,-0.01728515625,0.07381999706331281,187,224,181,0.07381762,18,161,153,128,0,0.0
-0.05595703125,-0.016699218749999998,0.0738195412600726,153,184,142,0.07381762,18,161,153,128,0,0.0
-0.05595703125,-0.01611328125,0.0738203551201878,164,192,149,0.07381762,18,161,153,128,0,0.0
-0.05595703125,-0.015527343749999999,0.07382108742231179,197,230,186,0.07381762,18,161,153,128,0,0.0
-0.05595703125,-0.014941406249999999,0.07382505030252196,169,196,162,0.07381762,18,161,153,128,0,0.0
-0.05595703125,-0.01435546875,0.07382662096918918,183,212,170,0.07382441,5,194,178,128,0,0.0
-0.05595703125,-0.01376953125,0.07382743895373986,157,183,148,0.07382441,5,194,178,128,0,0.0
-0.05595703125,-0.01318359375,0.0738330363490869,136,157,129,0.07382441,5,194,178,128,0,0.0
-0.05595703125,-0.012597656249999999,0.07384634258936243,159,181,144,0.07382441,5,194,178,128,0,0.0
-0.05595703125,-0.01201171875,0.07386018597985594,201,229,188,0.07385913,5,194,178,128,0,0.0
-0.055371093749999996,-0.01845703125,0.07382354533877242,181,222,180,0.073819384,5,194,178,128,0,0.0
-0.055371093749999996,-0.01787109375,0.07382094059630721,201,237,197,0.073819384,5,194,178,128,0,0.0
-0.055371093749999996,-0.01728515625,0.07381996524370123,187,223,181,0.07381762,18,161,153,128,0,0.0
-0.055371093749999996,-0.016699218749999998,0.07381947075968923,136,165,125,0.07381762,18,161,153,128,0,0.0
-0.055371093749999996,-0.01611328125,0.07382018321742727,182,210,168,0.07381762,18,161,153,128,0,0.0
-0.055371093749999996,-0.015527343749999999,0.07382117493308278,195,226,178,0.07381762,18,161,153,128,0,0.0
-0.055371093749999996,-0.014941406249999999,0.07382585519399752,164,194,157,0.07381762,18,161,153,128,0,0.0
-0.055371093749999996,-0.01435546875,0.07382771406751581,188,219,179,0.07382441,5,194,178,128,0,0.0
-0.055371093749999996,-0.01376953125,0.07382797190910348,191,221,187,0.07382441,5,194,178,128,0,0.0
-0.055371093749999996,-0.01318359375,0.07383310453675417,150,173,148,0.07382441,5,194,178,128,0,0.0
-0.055371093749999996,-0.012597656249999999,0.07384675396885225,160,185,148,0.07382441,5,194,178,128,0,0.0
-0.055371093749999996,-0.01201171875,0.07386130757038907,177,205,165,0.07385913,5,194,178,128,0,0.0
-0.054785156249999994,-0.01845703125,0.07382227054085448,181,219,178,0.073819384,5,194,178,128,0,0.0
-0.054785156249999994,-0.01787109375,0.07382019969125814,168,203,167,0.073819384,5,194,178,128,0,0.0
-0.054785156249999994,-0.01728515625,0.0738191385537358,174,206,165,0.07381762,18,161,153,128,0,0.0
-0.054785156249999994,-0.016699218749999998,0.07381908261701467,126,158,118,0.07381762,18,161,153,128,0,0.0
-0.054785156249999994,-0.01611328125,0.07382010890236655,150,180,136,0.07381762,18,161,153,128,0,0.0
-0.054785156249999994,-0.015527343749999999,0.07382028466959654,176,207,164,0.07381762,18,161,153,128,0,0.0
-0.054785156249999994,-0.014941406249999999,0.073826393852691,164,196,158,0.07381762,18,161,153,128,0,0.0
-0.054785156249999994,-0.01435546875,0.07382797423519818,200,231,190,0.07382441,5,194,178,128,0,0.0
-0.054785156249999994,-0.01376953125,0.07382740473846124,192,226,190,0.07382441,5,194,178,128,0,0.0
-0.054785156249999994,-0.01318359375,0.07383216303544812,183,215,181,0.07382441,5,194,178,128,0,0.0
-0.054785156249999994,-0.012597656249999999,0.07384641880069194,178,204,170,0.07385913,5,194,178,128,0,0.0
-0.054785156249999994,-0.01201171875,0.07386077845857526,187,214,174,0.07385913,5,194,178,128,0,0.0
-0.05419921874999999,-0.01845703125,0.07382189904478936,173,211,173,0.073819384,5,194,178,128,0,0.0
-0.05419921874999999,-0.01787109375,0.07381987168454276,189,225,189,0.073819384,5,194,178,128,0,0.0
-0.05419921874999999,-0.01728515625,0.073818560239337,167,199,159,0.07381762,18,161,153,128,0,0.0
-0.05419921874999999,-0.016699218749999998,0.07381860163059151,151,182,144,0.07381762,18,161,153,128,0,0.0
-0.05419921874999999,-0.01611328125,0.07381981693532615,167,197,155,0.07381762,18,161,153,128,0,0.0
-0.05419921874999999,-0.015527343749999999,0.0738191280926482,187,221,179,0.07381762,18,161,153,128,0,0.0
-0.05419921874999999,-0.014941406249999999,0.07382267747440074,171,205,167,0.07381762,18,161,153,128,0,0.0
-0.05419921874999999,-0.01435546875,0.07382588065049771,170,203,163,0.073821664,5,194,178,128,0,0.0
-0.05419921874999999,-0.01376953125,0.07382560271853308,212,244,208,0.07382441,5,194,178,128,0,0.0
-0.05419921874999999,-0.01318359375,0.07382999849211967,186,218,185,0.07382441,5,194,178,128,0,0.0
-0.05419921874999999,-0.012597656249999999,0.07384450525902712,135,162,131,0.07385913,5,194,178,128,0,0.0
-0.05419921874999999,-0.01201171875,0.07385849678280315,193,223,184,0.07385913,5,194,178,128,0,0.0
-0.05361328124999999,-0.01845703125,0.07382255605822227,194,230,193,0.073820986,5,194,178,128,0,0.0
-0.05361328124999999,-0.01787109375,0.07382057829829175,196,233,193,0.07381681,5,194,178,128,0,0.0
-0.05361328124999999,-0.01728515625,0.07381784902395644,204,242,200,0.07381681,5,194,178,128,0,0.0
-0.05361328124999999,-0.016699218749999998,0.07381789811760135,153,188,148,0.07381681,5,194,178,128,0,0.0
-0.05361328124999999,-0.01611328125,0.07381918054526435,175,206,164,0.07381681,5,194,178,128,0,0.0
-0.05361328124999999,-0.015527343749999999,0.07381796304320974,187,218,177,0.07381681,5,194,178,128,0,0.0
-0.05361328124999999,-0.014941406249999999,0.07382006175119385,204,238,196,0.07381681,5,194,178,128,0,0.0
-0.05361328124999999,-0.01435546875,0.07382249456571674,178,213,172,0.073821664,5,194,178,128,0,0.0
-0.05361328124999999,-0.01376953125,0.07382295887518225,211,246,208,0.073821664,5,194,178,128,0,0.0
-0.05361328124999999,-0.01318359375,0.07382793819079887,194,228,193,0.073821664,5,194,178,128,0,0.0
-0.05361328124999999,-0.012597656249999999,0.07384248813259264,181,209,177,0.073821664,5,194,178,128,0,0.0
-0.05361328124999999,-0.01201171875,0.07385658775825724,192,224,185,0.07385913,5,194,178,128,0,0.0
-0.05302734375,-0.01845703125,0.0738246457527421,200,237,195,0.073820986,5,194,178,128,0,0.0
-0.05302734375,-0.01787109375,0.07382257179014622,186,222,181,0.07381681,5,194,178,128,0,0.0
-0.05302734375,-0.01728515625,0.07381958284692995,220,253,215,0.07381681,5,194,178,128,0,0.0
-0.05302734375,-0.016699218749999998,0.07381923552950352,170,206,167,0.07381681,5,194,178,128,0,0.0
-0.05302734375,-0.01611328125,0.07382027925221768,169,201,163,0.07381681,5,194,178,128,0,0.0
-0.05302734375,-0.015527343749999999,0.07381846218957201,198,230,189,0.07381681,5,194,178,128,0,0.0
-0.05302734375,-0.014941406249999999,0.07382140934447579,210,242,203,0.07381681,5,194,178,128,0,0.0
-0.05302734375,-0.01435546875,0.07382310440348253,201,237,195,0.073821664,5,194,178,128,0,0.0
-0.05302734375,-0.01376953125,0.07382329056087984,210,247,210,0.073821664,5,194,178,128,0,0.0
-0.05302734375,-0.01318359375,0.07382919375913463,181,216,180,0.073821664,5,194,178,128,0,0.0
-0.05302734375,-0.012597656249999999,0.07384352897909667,185,217,182,0.073821664,5,194,178,128,0,0.0
-0.05302734375,-0.01201171875,0.07385871903243732,190,221,185,0.073821664,5,194,178,128,0,0.0
-0.052441406249999996,-0.01845703125,0.07382662789624521,176,209,167,0.073820986,5,194,178,128,0,0.0
-0.052441406249999996,-0.01787109375,0.07382404262208202,180,215,173,0.07381681,5,194,178,128,0,0.0
-0.052441406249999996,-0.01728515625,0.0738228969708788,215,249,208,0.07381681,5,194,178,128,0,0.0
-0.052441406249999996,-0.016699218749999998,0.07382164970805707,203,237,198,0.07381681,5,194,178,128,0,0.0
-0.052441406249999996,-0.01611328125,0.07382225141998514,199,232,194,0.07381681,5,194,178,128,0,0.0
-0.052441406249999996,-0.015527343749999999,0.07382225266919135,197,229,187,0.07381681,5,194,178,128,0,0.0
-0.052441406249999996,-0.014941406249999999,0.07382478791902611,205,240,200,0.07381681,5,194,178,128,0,0.0
-0.052441406249999996,-0.01435546875,0.07382630573564017,207,239,199,0.073821664,5,194,178,128,0,0.0
-0.052441406249999996,-0.01376953125,0.07382742943577521,198,235,199,0.073821664,5,194,178,128,0,0.0
-0.052441406249999996,-0.01318359375,0.07383220831811628,178,215,177,0.073821664,5,194,178,128,0,0.0
-0.052441406249999996,-0.012597656249999999,0.07384593988986644,183,214,180,0.073821664,5,194,178,128,0,0.0
-0.052441406249999996,-0.01201171875,0.07386287195643948,194,226,190,0.073821664,5,194,178,128,0,0.0
-0.051855468749999994,-0.01845703125,0.0738267978671036,209,244,199,0.073820986,5,194,178,128,0,0.0
-0.051855468749999994,-0.01787109375,0.07382429830141757,175,210,169,0.07381681,5,194,178,128,0,0.0
-0.051855468749999994,-0.01728515625,0.07382276750005404,188,223,181,0.07381681,5,194,178,128,0,0.0
-0.051855468749999994,-0.016699218749999998,0.07382138459144191,191,227,184,0.07381681,5,194,178,128,0,0.0
-0.051855468749999994,-0.01611328125,0.07382239828266546,187,222,180,0.07381681,5,194,178,128,0,0.0
-0.051855468749999994,-0.015527343749999999,0.07382278623056726,208,239,200,0.07381681,5,194,178,128,0,0.0
-0.051855468749999994,-0.014941406249999999,0.07382586465465643,186,221,176,0.07381681,5,194,178,128,0,0.0
-0.051855468749999994,-0.01435546875,0.0738274866894066,167,201,160,0.073821664,5,194,178,128,0,0.0
-0.051855468749999994,-0.01376953125,0.07382912114558711,205,240,203,0.073821664,5,194,178,128,0,0.0
-0.051855468749999994,-0.01318359375,0.07383353796256915,184,220,184,0.073821664,5,194,178,128,0,0.0
-0.051855468749999994,-0.012597656249999999,0.07384710580360954,187,218,186,0.073821664,5,194,178,128,0,0.0
-0.051855468749999994,-0.01201171875,0.07386512535802191,171,203,166,0.073821664,5,194,178,128,0,0.0
-0.05126953124999999,-0.01845703125,0.0738253652649669,184,220,176,0.0738263,5,194,178,128,0,0.0
-0.05126953124999999,-0.01787109375,0.07382343851336247,169,204,163,0.07381875,5,194,178,128,0,0.0
-0.05126953124999999,-0.01728515625,0.07382090539142278,205,240,196,0.07381875,5,194,178,128,0,0.0
-0.05126953124999999,-0.016699218749999998,0.07381980948342216,186,219,176,0.07381875,5,194,178,128,0,0.0
-0.05126953124999999,-0.01611328125,0.07382123463294742,168,197,156,0.07381681,5,194,178,128,0,0.0
-0.05126953124999999,-0.015527343749999999,0.07382234372883877,191,218,173,0.07381681,5,194,178,128,0,0.0
-0.05126953124999999,-0.014941406249999999,0.07382559316441047,194,227,183,0.073821664,5,194,178,128,0,0.0
-0.05126953124999999,-0.01435546875,0.07382776962723715,204,235,194,0.073821664,5,194,178,128,0,0.0
-0.05126953124999999,-0.01376953125,0.07383008967990334,208,241,199,0.073821664,5,194,178,128,0,0.0
-0.05126953124999999,-0.01318359375,0.07383501507309884,188,223,185,0.073821664,5,194,178,128,0,0.0
-0.05126953124999999,-0.012597656249999999,0.07384859360166594,175,210,175,0.073821664,5,194,178,128,0,0.0
-0.05126953124999999,-0.01201171875,0.07386651994080914,176,211,172,0.07387435,5,194,178,128,0,0.0
-0.05068359374999999,-0.01845703125,0.07382622582000367,176,212,168,0.0738263,5,194,178,128,0,0.0
-0.05068359374999999,-0.01787109375,0.07382411875329878,165,199,158,0.07381875,5,194,178,128,0,0.0
-0.05068359374999999,-0.01728515625,0.073821113203229,202,238,194,0.07381875,5,194,178,128,0,0.0
-0.05068359374999999,-0.016699218749999998,0.07381911130353028,164,195,153,0.07381875,5,194,178,128,0,0.0
-0.05068359374999999,-0.01611328125,0.07382047912918101,151,178,138,0.07381875,5,194,178,128,0,0.0
-0.05068359374999999,-0.015527343749999999,0.07382195520246812,142,167,126,0.07381875,5,194,178,128,0,0.0
-0.05068359374999999,-0.014941406249999999,0.07382560919111597,190,220,176,0.073825546,18,161,153,128,0,0.0
-0.05068359374999999,-0.01435546875,0.07382836884883098,217,249,209,0.073825546,18,161,153,128,0,0.0
-0.05068359374999999,-0.01376953125,0.07383185205750516,209,240,199,0.073825546,18,161,153,128,0,0.0
-0.05068359374999999,-0.01318359375,0.07383767654626237,212,247,207,0.073825546,18,161,153,128,0,0.0
-0.05068359374999999,-0.012597656249999999,0.07385106667500059,186,222,184,0.07387435,5,194,178,128,0,0.0
-0.05068359374999999,-0.01201171875,0.07386823597982191,188,223,183,0.07387435,5,194,178,128,0,0.0
-0.05009765625,-0.01845703125,0.07382804111095506,180,214,175,0.0738263,5,194,178,128,0,0.0
-0.05009765625,-0.01787109375,0.0738257987665398,148,179,138,0.07381875,5,194,178,128,0,0.0
-0.05009765625,-0.01728515625,0.07382248767221962,188,221,176,0.07381875,5,194,178,128,0,0.0
-0.05009765625,-0.016699218749999998,0.07381924811857161,156,188,146,0.07381875,5,194,178,128,0,0.0
-0.05009765625,-0.01611328125,0.07382051265839255,141,166,128,0.07381875,5,194,178,128,0,0.0
-0.05009765625,-0.015527343749999999,0.07382210355613711,173,198,156,0.07381875,5,194,178,128,0,0.0
-0.05009765625,-0.014941406249999999,0.07382631952239024,188,218,175,0.073825546,18,161,153,128,0,0.0
-0.05009765625,-0.01435546875,0.07382974500133706,207,241,200,0.073825546,18,161,153,128,0,0.0
-0.05009765625,-0.01376953125,0.0738339160931675,197,229,188,0.073825546,18,161,153,128,0,0.0
-0.05009765625,-0.01318359375,0.07384057528296507,202,235,193,0.073825546,18,161,153,128,0,0.0
-0.05009765625,-0.012597656249999999,0.07385366057492534,190,220,179,0.07387435,5,194,178,128,0,0.0
-0.05009765625,-0.01201171875,0.07387003276757176,212,244,205,0.07387435,5,194,178,128,0,0.0
-0.049511718749999996,-0.01845703125,0.07383009431391405,171,208,168,0.0738263,5,194,178,128,0,0.0
-0.049511718749999996,-0.01787109375,0.07382730336064768,147,181,141,0.07381875,5,194,178,128,0,0.0
-0.049511718749999996,-0.01728515625,0.0738245966683453,173,201,158,0.07381875,5,194,178,128,0,0.0
-0.049511718749999996,-0.016699218749999998,0.07382023983475432,181,218,173,0.07381875,5,194,178,128,0,0.0
-0.049511718749999996,-0.01611328125,0.07382095925297472,158,188,144,0.07381875,5,194,178,128,0,0.0
-0.049511718749999996,-0.015527343749999999,0.07382187196351475,188,216,175,0.07381875,5,194,178,128,0,0.0
-0.049511718749999996,-0.014941406249999999,0.07382630420311605,167,196,156,0.073825546,18,161,153,128,0,0.0
-0.049511718749999996,-0.01435546875,0.0738308895643852,195,227,185,0.073825546,18,161,153,128,0,0.0
-0.049511718749999996,-0.01376953125,0.07383462093268592,172,204,166,0.073825546,18,161,153,128,0,0.0
-0.049511718749999996,-0.01318359375,0.07384172779147825,184,215,175,0.073825546,18,161,153,128,0,0.0
-0.049511718749999996,-0.012597656249999999,0.07385448426827493,188,220,179,0.07387435,5,194,178,128,0,0.0
-0.049511718749999996,-0.01201171875,0.07387085652974273,208,239,199,0.07387435,5,194,178,128,0,0.0
-0.048925781249999994,-0.01845703125,0.07383195424558846,188,226,183,0.0738263,5,194,178,128,0,0.0
-0.048925781249999994,-0.01787109375,0.07382908171227215,162,198,158,0.07381875,5,194,178,128,0,0.0
-0.048925781249999994,-0.01728515625,0.07382572181542547,183,216,172,0.07381875,5,194,178,128,0,0.0
-0.048925781249999994,-0.016699218749999998,0.07382093556914343,181,215,172,0.07381875,5,194,178,128,0,0.0
-0.048925781249999994,-0.01611328125,0.07382104625511479,180,209,167,0.07381875,5,194,178,128,0,0.0
-0.048925781249999994,-0.015527343749999999,0.0738212520600834,170,203,158,0.07381875,5,194,178,128,0,0.0
-0.048925781249999994,-0.014941406249999999,0.07382561900561557,138,165,126,0.073825546,18,161,153,128,0,0.0
-0.048925781249999994,-0.01435546875,0.07383106201249272,187,216,174,0.073825546,18,161,153,128,0,0.0
-0.048925781249999994,-0.01376953125,0.07383476015908111,188,220,182,0.073825546,18,161,153,128,0,0.0
-0.048925781249999994,-0.01318359375,0.07384169152573644,184,216,176,0.073825546,18,161,153,128,0,0.0
-0.048925781249999994,-0.012597656249999999,0.07385491935234954,188,220,181,0.073825546,18,161,153,128,0,0.0
-0.048925781249999994,-0.01201171875,0.07387137241898445,193,222,181,0.07387435,5,194,178,128,0,0.0
-0.04833984374999999,-0.01845703125,0.07383425191309194,198,234,190,0.0738263,5,194,178,128,0,0.0
-0.04833984374999999,-0.01787109375,0.0738307541003344,203,240,195,0.07381875,5,194,178,128,0,0.0
-0.04833984374999999,-0.01728515625,0.07382652680107972,198,233,191,0.07381875,5,194,178,128,0,0.0
-0.04833984374999999,-0.016699218749999998,0.07382189837841378,183,219,178,0.07381875,5,194,178,128,0,0.0
-0.04833984374999999,-0.01611328125,0.07382146416233581,161,191,151,0.07381875,5,194,178,128,0,0.0
-0.04833984374999999,-0.015527343749999999,0.07382180980592216,132,159,117,0.07381875,5,194,178,128,0,0.0
-0.04833984374999999,-0.014941406249999999,0.07382550162503576,145,171,134,0.073825546,18,161,153,128,0,0.0
-0.04833984374999999,-0.01435546875,0.07383090964462487,132,159,117,0.073825546,18,161,153,128,0,0.0
-0.04833984374999999,-0.01376953125,0.07383457186119764,202,233,194,0.073825546,18,161,153,128,0,0.0
-0.04833984374999999,-0.01318359375,0.07384109810031952,184,216,177,0.073825546,18,161,153,128,0,0.0
-0.04833984374999999,-0.012597656249999999,0.0738546138277629,172,204,165,0.073825546,18,161,153,128,0,0.0
-0.04833984374999999,-0.01201171875,0.07387126356663547,201,233,192,0.07387435,5,194,178,128,0,0.0
-0.04775390624999999,-0.01845703125,0.07383652825859023,189,224,177,0.07383321,5,194,178,128,0,0.0
-0.04775390624999999,-0.01787109375,0.0738329728090488,187,219,172,0.07382381,5,194,178,128,0,0.0
-0.04775390624999999,-0.01728515625,0.07382845574415738,220,252,213,0.07382381,5,194,178,128,0,0.0
-0.04775390624999999,-0.016699218749999998,0.07382383892289378,199,234,192,0.07382381,5,194,178,128,0,0.0
-0.04775390624999999,-0.01611328125,0.07382344987317628,159,189,149,0.07382381,5,194,178,128,0,0.0
-0.04775390624999999,-0.015527343749999999,0.07382361947975753,137,163,125,0.07382381,5,194,178,128,0,0.0
-0.04775390624999999,-0.014941406249999999,0.07382588466684281,183,210,173,0.07382381,5,194,178,128,0,0.0
-0.04775390624999999,-0.01435546875,0.07383109182162567,147,174,138,0.073825575,18,161,153,128,0,0.0
-0.04775390624999999,-0.01376953125,0.07383501367704284,208,239,199,0.073825575,18,161,153,128,0,0.0
-0.04775390624999999,-0.01318359375,0.07384117575112506,204,237,200,0.073825575,18,161,153,128,0,0.0
-0.04775390624999999,-0.012597656249999999,0.07385497744713895,189,221,182,0.0738726,5,194,178,128,0,0.0
-0.04775390624999999,-0.01201171875,0.0738710248252799,221,250,216,0.0738726,5,194,178,128,0,0.0
-0.04716796875,-0.01845703125,0.07383813643777291,195,226,184,0.07383321,5,194,178,128,0,0.0
-0.04716796875,-0.01787109375,0.07383483049206356,182,214,170,0.07382381,5,194,178,128,0,0.0
-0.04716796875,-0.01728515625,0.07383060958819444,218,251,210,0.07382381,5,194,178,128,0,0.0
-0.04716796875,-0.016699218749999998,0.07382591282721425,205,236,195,0.07382381,5,194,178,128,0,0.0
-0.04716796875,-0.01611328125,0.07382552332146151,169,198,162,0.07382381,5,194,178,128,0,0.0
-0.04716796875,-0.015527343749999999,0.07382559798692342,160,184,143,0.07382381,5,194,178,128,0,0.0
-0.04716796875,-0.014941406249999999,0.07382721763552143,192,218,176,0.073825575,18,161,153,128,0,0.0
-0.04716796875,-0.01435546875,0.07383144633752203,162,185,152,0.073825575,18,161,153,128,0,0.0
-0.04716796875,-0.01376953125,0.07383547347841798,210,238,198,0.073825575,18,161,153,128,0,0.0
-0.04716796875,-0.01318359375,0.0738413669564368,204,237,199,0.073825575,18,161,153,128,0,0.0
-0.04716796875,-0.012597656249999999,0.07385509881315389,202,234,200,0.0738726,5,194,178,128,0,0.0
-0.04716796875,-0.01201171875,0.07387042836144556,217,250,214,0.0738726,5,194,178,128,0,0.0
-0.06943359375,-0.03720703125,0.07384215865325812,126,172,136,0.07382302,18,161,153,128,0,0.0
-0.06943359375,-0.03662109375,0.07383756136988652,124,181,156,0.07382302,18,161,153,128,0,0.0
-0.06943359375,-0.03603515625,0.07383158307800594,155,220,185,0.073763326,18,161,153,128,0,0.0
-0.06943359375,-0.03544921875,0.07383069637984556,153,217,176,0.073763326,18,161,153,128,0,0.0
-0.06943359375,-0.034863281249999996,0.07382915470225437,138,185,150,0.073763326,18,161,153,128,0,0.0
-0.06943359375,-0.03427734375,0.07382979399092883,132,177,142,0.073763326,18,161,153,128,0,0.0
-0.06943359375,-0.03369140625,0.07383011997382558,146,202,165,0.07380267,18,161,153,128,0,0.0
-0.06943359375,-0.03310546875,0.07383206871354948,126,166,130,0.07380267,18,161,153,128,0,0.0
-0.06943359375,-0.03251953125,0.07383520612238736,97,133,107,0.073808864,18,161,153,128,0,0.0
-0.06943359375,-0.031933593749999996,0.0738367679469226,107,145,114,0.073731504,18,161,153,128,0,0.0
-0.06943359375,-0.03134765625,0.07383919021304276,142,185,152,0.073731504,18,161,153,128,0,0.0
-0.06943359375,-0.03076171875,0.07384333125176024,103,144,115,0.073731504,18,161,153,128,0,0.0
-0.06943359375,-0.03017578125,0.07384606774640415,99,133,107,0.073731504,18,161,153,128,0,0.0
-0.06943359375,-0.029589843749999997,0.0738479020478045,107,143,111,0.073826455,18,161,153,128,0,0.0
-0.06943359375,-0.02900390625,0.07384860306544219,172,210,169,0.0737422,18,161,153,128,0,0.0
-0.06943359375,-0.02841796875,0.0738526647903517,151,190,153,0.0737422,18,161,153,128,0,0.0
-0.06884765625,-0.03603515625,0.07381572037123638,156,221,184,0.073763326,18,161,153,128,0,0.0
-0.06884765625,-0.03544921875,0.0738120368858827,166,225,186,0.073763326,18,161,153,128,0,0.0
-0.06884765625,-0.034863281249999996,0.0738108270333183,139,186,150,0.073763326,18,161,153,128,0,0.0
-0.06884765625,-0.03427734375,0.07381222321068695,121,164,130,0.07380267,18,161,153,128,0,0.0
-0.06884765625,-0.03369140625,0.07381213395226435,151,201,158,0.07380267,18,161,153,128,0,0.0
-0.06884765625,-0.03310546875,0.07381385908062878,149,193,154,0.07380267,18,161,153,128,0,0.0
-0.06884765625,-0.03251953125,0.07381694446788922,139,181,150,0.073808864,18,161,153,128,0,0.0
-0.06884765625,-0.031933593749999996,0.07381922382083682,130,169,135,0.073808864,18,161,153,128,0,0.0
-0.06884765625,-0.03134765625,0.07382230209676649,130,169,138,0.073808864,18,161,153,128,0,0.0
-0.06884765625,-0.03076171875,0.07382639172787178,112,152,121,0.073731504,18,161,153,128,0,0.0
-0.06884765625,-0.03017578125,0.0738303056495354,102,140,115,0.073731504,18,161,153,128,0,0.0
-0.06884765625,-0.029589843749999997,0.07383307924413962,100,139,110,0.073826455,18,161,153,128,0,0.0
-0.06884765625,-0.02900390625,0.07383569927525545,126,160,120,0.073826455,18,161,153,128,0,0.0
-0.06884765625,-0.02841796875,0.07384004131793766,156,188,145,0.073826455,18,161,153,128,0,0.0
-0.06826171874999999,-0.03544921875,0.07380345368404521,157,213,174,0.073763326,18,161,153,128,0,0.0
-0.06826171874999999,-0.034863281249999996,0.07380261559639663,153,204,166,0.07380267,18,161,153,128,0,0.0
-0.06826171874999999,-0.03427734375,0.0738042686635058,123,165,132,0.07380267,18,161,153,128,0,0.0
-0.06826171874999999,-0.03369140625,0.07380466867198021,146,191,154,0.07380267,18,161,153,128,0,0.0
-0.06826171874999999,-0.03310546875,0.07380624406952115,151,194,154,0.07380267,18,161,153,128,0,0.0
-0.06826171874999999,-0.03251953125,0.07380964337587712,105,144,115,0.073808864,18,161,153,128,0,0.0
-0.06826171874999999,-0.031933593749999996,0.07381178388055934,125,164,131,0.073808864,18,161,153,128,0,0.0
-0.06826171874999999,-0.03134765625,0.07381510233041368,138,179,144,0.073808864,18,161,153,128,0,0.0
-0.06826171874999999,-0.03076171875,0.0738192250962754,132,171,142,0.073808864,18,161,153,128,0,0.0
-0.06826171874999999,-0.03017578125,0.07382317758094643,137,181,149,0.073826455,18,161,153,128,0,0.0
-0.06826171874999999,-0.029589843749999997,0.0738266615815627,119,159,129,0.073826455,18,161,153,128,0,0.0
-0.06826171874999999,-0.02900390625,0.07383019176838587,117,154,122,0.073826455,18,161,153,128,0,0.0
-0.06826171874999999,-0.02841796875,0.07383419248351386,157,189,148,0.073826455,18,161,153,128,0,0.0
-0.06943359375,-0.01845703125,0.07385474388341655,165,202,166,0.07375313,18,161,153,128,0,0.0
-0.06943359375,-0.01787109375,0.0738556174297798,199,231,187,0.07375313,18,161,153,128,0,0.0
-0.06943359375,-0.01728515625,0.07385450868660447,174,201,160,0.07378634,18,161,153,128,0,0.0
-0.06943359375,-0.016699218749999998,0.07385303949271883,182,210,164,0.07378634,18,161,153,128,0,0.0
-0.06943359375,-0.01611328125,0.07384912480328962,200,235,199,0.07378634,18,161,153,128,0,0.0
-0.06943359375,-0.015527343749999999,0.07384751036572659,162,194,153,0.07378634,18,161,153,128,0,0.0
-0.06943359375,-0.014941406249999999,0.07384692926130401,152,180,145,0.07377353,18,161,153,128,0,0.0
-0.06943359375,-0.01435546875,0.0738457349729714,130,161,130,0.07377353,18,161,153,128,0,0.0
-0.06943359375,-0.01376953125,0.07384342977011342,206,238,189,0.07377353,18,161,153,128,0,0.0
-0.06943359375,-0.01318359375,0.07384079027780137,150,169,122,0.07377353,18,161,153,128,0,0.0
-0.06943359375,-0.012597656249999999,0.07384523882715563,174,187,127,0.073746696,17,236,150,21,0,0.0
-0.06943359375,-0.01201171875,0.07385260730083003,136,149,104,0.073746696,17,236,150,21,0,0.0
-0.06884765625,-0.01845703125,0.07385005011853342,173,207,170,0.07375313,18,161,153,128,0,0.0
-0.06884765625,-0.01787109375,0.07384968820412437,187,221,178,0.07375313,18,161,153,128,0,0.0
-0.06884765625,-0.01728515625,0.0738487193680557,130,157,122,0.07378634,18,161,153,128,0,0.0
-0.06884765625,-0.016699218749999998,0.07384719056634372,184,215,175,0.07378634,18,161,153,128,0,0.0
-0.06884765625,-0.01611328125,0.07384282015373626,194,227,189,0.07378634,18,161,153,128,0,0.0
-0.06884765625,-0.015527343749999999,0.07384142147989434,164,202,164,0.07378634,18,161,153,128,0,0.0
-0.06884765625,-0.014941406249999999,0.07384054418157558,163,193,163,0.07377353,18,161,153,128,0,0.0
-0.06884765625,-0.01435546875,0.07383776644479285,156,181,135,0.07377353,18,161,153,128,0,0.0
-0.06884765625,-0.01376953125,0.0738358879545483,176,197,147,0.07377353,18,161,153,128,0,0.0
-0.06884765625,-0.01318359375,0.07383406647985397,141,152,105,0.073824726,34,255,111,194,0,0.0
-0.06884765625,-0.012597656249999999,0.07384061565237937,144,151,104,0.073824726,34,255,111,194,0,0.0
-0.06884765625,-0.01201171875,0.0738518313017849,128,140,93,0.073746696,17,236,150,21,0,0.0
-0.06826171874999999,-0.01845703125,0.07384495505618574,190,225,181,0.07375313,18,161,153,128,0,0.0
-0.06826171874999999,-0.01787109375,0.07384470461020862,169,202,160,0.07383144,18,161,153,128,0,0.0
-0.06826171874999999,-0.01728515625,0.07384348409175003,144,173,139,0.07383144,18,161,153,128,0,0.0
-0.06826171874999999,-0.016699218749999998,0.07384146092366614,184,218,176,0.07383144,18,161,153,128,0,0.0
-0.06826171874999999,-0.01611328125,0.07383834715950907,195,227,185,0.07383144,18,161,153,128,0,0.0
-0.06826171874999999,-0.015527343749999999,0.07383624584238313,156,186,144,0.07383144,18,161,153,128,0,0.0
-0.06826171874999999,-0.014941406249999999,0.07383496197878765,158,191,153,0.07377353,18,161,153,128,0,0.0
-0.06826171874999999,-0.01435546875,0.07383164072205936,154,176,134,0.073824726,34,255,111,194,0,0.0
-0.06826171874999999,-0.01376953125,0.07383015910381975,153,166,121,0.073824726,34,255,111,194,0,0.0
-0.06826171874999999,-0.01318359375,0.07382929068235894,123,135,97,0.073824726,34,255,111,194,0,0.0
-0.06826171874999999,-0.012597656249999999,0.07383671026174472,130,143,107,0.073824726,34,255,111,194,0,0.0
-0.06826171874999999,-0.01201171875,0.07384973570949306,124,135,92,0.073907115,34,255,111,194,0,0.0
-0.06767578125,-0.01845703125,0.07384402074628436,154,188,146,0.07384195,5,194,178,128,0,0.0
-0.06767578125,-0.01787109375,0.07384388987618488,164,193,156,0.07383144,18,161,153,128,0,0.0
-0.06767578125,-0.01728515625,0.07384212518052778,176,209,173,0.07383144,18,161,153,128,0,0.0
-0.06767578125,-0.016699218749999998,0.07383922817650142,175,210,171,0.07383144,18,161,153,128,0,0.0
-0.06767578125,-0.01611328125,0.07383705329529447,159,193,151,0.07383144,18,161,153,128,0,0.0
-0.06767578125,-0.015527343749999999,0.07383462595419658,183,217,178,0.07383144,18,161,153,128,0,0.0
-0.06767578125,-0.014941406249999999,0.07383203221215574,189,223,178,0.07383144,18,161,153,128,0,0.0
-0.06767578125,-0.01435546875,0.07382831543387827,139,163,127,0.073824726,34,255,111,194,0,0.0
-0.06767578125,-0.01376953125,0.07382721643628577,161,180,136,0.073824726,34,255,111,194,0,0.0
-0.06767578125,-0.01318359375,0.07382636774758536,119,135,96,0.073824726,34,255,111,194,0,0.0
-0.06767578125,-0.012597656249999999,0.07383444168039019,139,153,109,0.073824726,34,255,111,194,0,0.0
-0.06767578125,-0.01201171875,0.07384785239723085,122,137,96,0.073907115,34,255,111,194,0,0.0
-0.06708984375,-0.01845703125,0.07384552118731161,138,167,131,0.07384195,5,194,178,128,0,0.0
-0.06708984375,-0.01787109375,0.07384529741994951,164,194,159,0.07383144,18,161,153,128,0,0.0
-0.06708984375,-0.01728515625,0.07384227650372342,186,221,179,0.07383144,18,161,153,128,0,0.0
-0.06708984375,-0.016699218749999998,0.07383945757351176,159,195,154,0.07383144,18,161,153,128,0,0.0
-0.06708984375,-0.01611328125,0.07383731051886545,154,186,149,0.07383144,18,161,153,128,0,0.0
-0.06708984375,-0.015527343749999999,0.07383448480280917,171,207,163,0.07383144,18,161,153,128,0,0.0
-0.06708984375,-0.014941406249999999,0.07383134890501802,180,214,168,0.07383144,18,161,153,128,0,0.0
-0.06708984375,-0.01435546875,0.07382720979366443,145,169,128,0.073824726,34,255,111,194,0,0.0
-0.06708984375,-0.01376953125,0.07382647837209437,156,170,124,0.073824726,34,255,111,194,0,0.0
-0.06708984375,-0.01318359375,0.07382563773676833,124,144,102,0.073824726,34,255,111,194,0,0.0
-0.06708984375,-0.012597656249999999,0.07383466554494078,121,132,91,0.073824726,34,255,111,194,0,0.0
-0.06708984375,-0.01201171875,0.07384812744874017,152,167,126,0.073907115,34,255,111,194,0,0.0
-0.06650390625,-0.01845703125,0.07384539805817661,114,146,113,0.07383967,18,161,153,128,0,0.0
-0.06650390625,-0.01787109375,0.07384493098781679,170,203,168,0.07383144,18,161,153,128,0,0.0
-0.06650390625,-0.01728515625,0.07384204067962848,186,223,180,0.07383144,18,161,153,128,0,0.0
-0.06650390625,-0.016699218749999998,0.07383931569850535,169,206,166,0.07383144,18,161,153,128,0,0.0
-0.06650390625,-0.01611328125,0.0738365629782939,184,217,182,0.07383144,18,161,153,128,0,0.0
-0.06650390625,-0.015527343749999999,0.07383363150292392,172,200,155,0.07383144,18,161,153,128,0,0.0
-0.06650390625,-0.014941406249999999,0.07383126634515226,192,222,174,0.07383144,18,161,153,128,0,0.0
-0.06650390625,-0.01435546875,0.07382637327475508,151,171,129,0.073824726,34,255,111,194,0,0.0
-0.06650390625,-0.01376953125,0.07382643419025689,137,151,109,0.073824726,34,255,111,194,0,0.0
-0.06650390625,-0.01318359375,0.07382635244898982,120,131,86,0.073824726,34,255,111,194,0,0.0
-0.06650390625,-0.012597656249999999,0.07383527682916857,120,131,89,0.073907115,34,255,111,194,0,0.0
-0.06650390625,-0.01201171875,0.07384948363277134,146,158,114,0.073907115,34,255,111,194,0,0.0
-0.06591796875,-0.01845703125,0.07384440433813821,142,176,146,0.07383967,18,161,153,128,0,0.0
-0.06591796875,-0.01787109375,0.07384364603675796,163,199,162,0.07383967,18,161,153,128,0,0.0
-0.06591796875,-0.01728515625,0.07384084041111237,170,205,166,0.07383144,18,161,153,128,0,0.0
-0.06591796875,-0.016699218749999998,0.07383865991441703,179,214,174,0.07383144,18,161,153,128,0,0.0
-0.06591796875,-0.01611328125,0.07383566355445068,187,222,181,0.07383144,18,161,153,128,0,0.0
-0.06591796875,-0.015527343749999999,0.07383229151460524,160,187,144,0.07383144,18,161,153,128,0,0.0
-0.06591796875,-0.014941406249999999,0.07383035271060023,162,184,140,0.07382471,34,255,111,194,0,0.0
-0.06591796875,-0.01435546875,0.07382570442663736,135,149,107,0.07382471,34,255,111,194,0,0.0
-0.06591796875,-0.01376953125,0.07382606310766472,129,141,101,0.07382471,34,255,111,194,0,0.0
-0.06591796875,-0.01318359375,0.07382706738333228,143,156,108,0.07382471,34,255,111,194,0,0.0
-0.06591796875,-0.012597656249999999,0.07383684406546925,124,137,99,0.073907115,34,255,111,194,0,0.0
-0.06591796875,-0.01201171875,0.07385108516872378,115,125,87,0.073907115,34,255,111,194,0,0.0
-0.03720703125,-0.03896484375,0.07388461738267504,65,65,45,0.07387548,25,236,128,255,0,0.0
-0.03720703125,-0.03837890625,0.07387380721802804,75,76,53,0.0738577,25,236,128,255,0,0.0
-0.03720703125,-0.03779296875,0.07386770530215876,103,100,77,0.0738577,25,236,128,255,0,0.0
-0.03662109375,-0.03896484375,0.07388497586651556,64,64,43,0.07387548,25,236,128,255,0,0.0
-0.03662109375,-0.03837890625,0.07387453268787691,81,79,52,0.07387548,25,236,128,255,0,0.0
-0.03662109375,-0.03779296875,0.07386870159395754,109,104,64,0.0738577,25,236,128,255,0,0.0
-0.03603515625,-0.03896484375,0.07388521030566832,89,84,58,0.073866144,25,236,128,255,0,0.0
-0.03603515625,-0.03837890625,0.07387509961481065,107,103,73,0.073866144,25,236,128,255,0,0.0
-0.03603515625,-0.03779296875,0.0738697970844011,120,115,81,0.073866144,25,236,128,255,0,0.0
-0.03544921875,-0.03896484375,0.07388497982036886,95,91,61,0.073866144,25,236,128,255,0,0.0
-0.03544921875,-0.03837890625,0.07387471076264962,87,83,53,0.073866144,25,236,128,255,0,0.0
-0.03544921875,-0.03779296875,0.07386953699053864,116,110,77,0.073866144,25,236,128,255,0,0.0
-0.034863281249999996,-0.03896484375,0.07388393500145632,110,104,73,0.073866144,25,236,128,255,0,0.0
-0.034863281249999996,-0.03837890625,0.07387380861795034,97,88,59,0.073866144,25,236,128,255,0,0.0
-0.034863281249999996,-0.03779296875,0.07386890411640398,99,94,68,0.073866144,25,236,128,255,0,0.0
-0.03427734375,-0.03896484375,0.07388356592893432,134,119,80,0.073866144,25,236,128,255,0,0.0
-0.03427734375,-0.03837890625,0.07387347190534682,91,82,49,0.073866144,25,236,128,255,0,0.0
-0.03427734375,-0.03779296875,0.0738681884625438,75,67,44,0.073866144,25,236,128,255,0,0.0
-0.03369140625,-0.03896484375,0.07388279011880443,122,113,83,0.073866144,25,236,128,255,0,0.0
-0.03369140625,-0.03837890625,0.0738728357479209,97,90,63,0.073866144,25,236,128,255,0,0.0
-0.03310546875,-0.03896484375,0.07388189273440869,84,78,52,0.073866144,25,236,128,255,0,0.0
-0.03310546875,-0.03837890625,0.07387205233894052,81,76,54,0.073866144,25,236,128,255,0,0.0
-0.03310546875,-0.03779296875,0.07386695499738127,85,79,57,0.073866144,25,236,128,255,0,0.0
-0.03251953125,-0.03896484375,0.07388160919238652,94,87,61,0.073878914,25,236,128,255,0,0.0
-0.03251953125,-0.03837890625,0.07387137664038775,87,83,57,0.07386413,25,236,128,255,0,0.0
-0.03251953125,-0.03779296875,0.07386665388104335,83,79,52,0.07386413,25,236,128,255,0,0.0
-0.031933593749999996,-0.03896484375,0.07388104549515145,90,85,58,0.073878914,25,236,128,255,0,0.0
-0.031933593749999996,-0.03837890625,0.07387116918089916,77,75,52,0.07386413,25,236,128,255,0,0.0
-0.031933593749999996,-0.03779296875,0.07386623084748357,80,77,56,0.07386413,25,236,128,255,0,0.0
-0.03134765625,-0.03896484375,0.0738807585898149,78,77,51,0.073878914,25,236,128,255,0,0.0
-0.03134765625,-0.03837890625,0.07387059563013336,80,76,55,0.07386413,25,236,128,255,0,0.0
-0.03134765625,-0.03779296875,0.07386541089953545,79,74,50,0.07386413,25,236,128,255,0,0.0
-0.03076171875,-0.03896484375,0.07388008350925368,123,121,92,0.073878914,25,236,128,255,0,0.0
-0.03076171875,-0.03837890625,0.0738702673606886,85,80,57,0.07386413,25,236,128,255,0,0.0
-0.03017578125,-0.03896484375,0.07388010328378909,141,141,100,0.073878914,25,236,128,255,0,0.0
-0.03017578125,-0.03837890625,0.07387023023046344,105,100,70,0.07386413,25,236,128,255,0,0.0
-0.03017578125,-0.03779296875,0.07386500821918299,99,93,68,0.07386413,25,236,128,255,0,0.0
-0.029589843749999997,-0.03896484375,0.07387966293196892,97,95,65,0.073875464,34,255,111,194,0,0.0
-0.029589843749999997,-0.03837890625,0.07386933527745733,98,92,66,0.07385351,34,255,111,194,0,0.0
-0.029589843749999997,-0.03779296875,0.07386416875493582,100,94,64,0.07385351,34,255,111,194,0,0.0
-0.02900390625,-0.03896484375,0.0738777117218399,121,109,69,0.073875464,34,255,111,194,0,0.0
-0.02900390625,-0.03837890625,0.07386706435735259,103,94,66,0.07385351,34,255,111,194,0,0.0
-0.02900390625,-0.03779296875,0.0738617463359755,110,98,75,0.07385351,34,255,111,194,0,0.0
-0.02841796875,-0.03896484375,0.07387639361321774,98,94,66,0.073875464,34,255,111,194,0,0.0
-0.02841796875,-0.03837890625,0.07386515548120179,79,73,53,0.07385351,34,255,111,194,0,0.0
-0.02841796875,-0.03779296875,0.07385924994158832,74,67,43,0.07385351,34,255,111,194,0,0.0
