{
    "fx": 2023.2578405394477,
    "fy": 2023.2578405394477,
    "cx": 1919.5,
    "cy": 1079.5,
    "alpha": 0.0,
    "beta": 1.0
}