{"train/smoothness_loss":2.391977993454475e-08,"_timestamp":1.755602059325541e+09,"val/geometric_consistency_loss":0,"train/total_loss":1.5659990310668945,"val/photometric_loss":0.6177513010843971,"train/geometric_consistency_loss":0,"val/smoothness_loss":3.23808270128627e-05,"val/total_loss":0.61778368191141,"epoch":99,"Train 0":{"height":192,"format":"png","count":12,"filenames":["media/images/Train 0_8020_47dd56742f87da8c704d.png","media/images/Train 0_8020_21026194756dbdbc8679.png","media/images/Train 0_8020_21026194756dbdbc8679.png","media/images/Train 0_8020_53c0b9eff9d2360a247d.png","media/images/Train 0_8020_21026194756dbdbc8679.png","media/images/Train 0_8020_21026194756dbdbc8679.png","media/images/Train 0_8020_909e2791a8e415419bd2.png","media/images/Train 0_8020_eb9c6b3562b4bb62d0f6.png","media/images/Train 0_8020_21026194756dbdbc8679.png","media/images/Train 0_8020_e8a7562c19f3af072056.png","media/images/Train 0_8020_21026194756dbdbc8679.png","media/images/Train 0_8020_21026194756dbdbc8679.png"],"captions":["val Input [0][0]","val Dispnet Output Normalized [0][0]","val Depth Output [0][0]","val Input [1][0]","val Dispnet Output Normalized [1][0]","val Depth Output [1][0]","val Input [0][1]","val Dispnet Output Normalized [0][1]","val Depth Output [0][1]","val Input [1][1]","val Dispnet Output Normalized [1][1]","val Depth Output [1][1]"],"_type":"images/separated","width":320},"_wandb":{"runtime":12965},"_runtime":12965,"train/photometric_loss":1.5659990310668945,"_step":8099}